datetime,coordinates,model,model elevation,utc_offset,temperature,dewpoint_temperature,relative_humidity,surface_pressure,direct_normal_solar_radiation,surface_diffuse_solar_radiation,surface_solar_radiation,surface_thermal_radiation,surface_direct_solar_radiation,wind_speed,wind_direction,total_cloud_cover,total_precipitation,snowfall
2025-02-01 00:00:00,"(39.906217, 116.391276)",era5,56.18,8.0,-5.68,-9.8,0.73,102258.27,0.0,6.36,7.41,263.86,1.05,0.92,97.94,0.89,0.02,0.02
2025-02-01 01:00:00,"(39.906217, 116.391276)",era5,56.18,8.0,-4.99,-8.69,0.75,102211.81,146.29,54.84,81.72,263.19,26.88,1.15,110.88,0.87,0.02,0.02
2025-02-01 02:00:00,"(39.906217, 116.391276)",era5,56.18,8.0,-3.15,-7.45,0.72,102215.23,57.67,124.94,144.24,274.44,19.31,1.17,133.25,0.89,0.01,0.01
2025-02-01 03:00:00,"(39.906217, 116.391276)",era5,56.18,8.0,-3.46,-7.46,0.74,102155.16,251.78,169.01,282.33,268.39,113.32,1.67,164.2,0.99,0.01,0.01
2025-02-01 04:00:00,"(39.906217, 116.391276)",era5,56.18,8.0,-3.79,-7.61,0.75,102110.05,153.9,195.67,276.0,279.0,80.33,2.56,187.75,1.0,0.01,0.01
2025-02-01 05:00:00,"(39.906217, 116.391276)",era5,56.18,8.0,-1.28,-6.52,0.67,101963.24,113.74,217.39,279.43,283.66,62.04,2.89,192.54,1.0,0.0,0.0
2025-02-01 06:00:00,"(39.906217, 116.391276)",era5,56.18,8.0,-1.34,-6.68,0.67,101863.65,146.26,207.49,283.39,282.32,75.9,3.16,193.66,1.0,0.0,0.0
2025-02-01 07:00:00,"(39.906217, 116.391276)",era5,56.18,8.0,-1.31,-6.7,0.67,101822.91,78.64,186.22,221.15,284.01,34.94,3.29,196.87,1.0,0.0,0.0
2025-02-01 08:00:00,"(39.906217, 116.391276)",era5,56.18,8.0,-1.47,-6.21,0.7,101786.72,69.18,95.81,118.4,279.2,22.59,2.71,191.67,0.98,0.0,0.0
2025-02-01 09:00:00,"(39.906217, 116.391276)",era5,56.18,8.0,-0.87,-6.02,0.68,101706.79,85.44,63.97,78.82,270.35,14.85,1.5,182.25,0.9,0.0,0.0
2025-02-01 10:00:00,"(39.906217, 116.391276)",era5,56.18,8.0,-3.8,-6.47,0.82,101729.92,0.0,7.72,9.17,236.97,1.45,1.35,165.85,0.61,0.0,0.0
2025-02-01 11:00:00,"(39.906217, 116.391276)",era5,56.18,8.0,-4.26,-6.91,0.82,101760.73,0.0,0.0,0.0,218.11,0.0,1.37,156.02,0.36,0.0,0.0
2025-02-01 12:00:00,"(39.906217, 116.391276)",era5,56.18,8.0,-3.96,-6.77,0.81,101820.9,0.0,0.0,0.0,224.27,0.0,1.09,163.49,0.54,0.0,0.0
2025-02-01 13:00:00,"(39.906217, 116.391276)",era5,56.18,8.0,-3.28,-6.62,0.78,101795.82,0.0,0.0,0.0,218.03,0.0,1.09,152.22,0.7,0.0,0.0
2025-02-01 14:00:00,"(39.906217, 116.391276)",era5,56.18,8.0,-3.29,-6.56,0.78,101785.9,0.0,0.0,0.0,223.0,0.0,0.87,130.0,0.45,0.0,0.0
2025-02-01 15:00:00,"(39.906217, 116.391276)",era5,56.18,8.0,-4.65,-7.09,0.83,101849.9,0.0,0.0,0.0,233.11,0.0,0.86,167.69,0.61,0.0,0.0
2025-02-01 16:00:00,"(39.906217, 116.391276)",era5,56.18,8.0,-4.31,-7.0,0.82,101838.15,0.0,0.0,0.0,245.63,0.0,0.54,92.43,0.53,0.0,0.0
2025-02-01 17:00:00,"(39.906217, 116.391276)",era5,56.18,8.0,-4.52,-6.88,0.84,101784.49,0.0,0.0,0.0,257.77,0.0,0.95,39.24,0.99,0.0,0.0
2025-02-01 18:00:00,"(39.906217, 116.391276)",era5,56.18,8.0,-4.4,-7.09,0.81,101769.37,0.0,0.0,0.0,262.44,0.0,1.27,29.0,0.98,0.0,0.0
2025-02-01 19:00:00,"(39.906217, 116.391276)",era5,56.18,8.0,-4.76,-7.14,0.83,101751.66,0.0,0.0,0.0,240.47,0.0,0.97,13.42,0.89,0.0,0.0
2025-02-01 20:00:00,"(39.906217, 116.391276)",era5,56.18,8.0,-5.64,-8.04,0.83,101693.43,0.0,0.0,0.0,225.25,0.0,1.01,350.89,0.75,0.0,0.0
2025-02-01 21:00:00,"(39.906217, 116.391276)",era5,56.18,8.0,-6.15,-8.38,0.84,101702.59,0.0,0.0,0.0,218.83,0.0,1.37,338.29,0.2,0.0,0.0
2025-02-01 22:00:00,"(39.906217, 116.391276)",era5,56.18,8.0,-6.89,-9.17,0.84,101656.01,0.0,0.0,0.0,215.46,0.0,1.53,318.86,0.14,0.0,0.0
2025-02-01 23:00:00,"(39.906217, 116.391276)",era5,56.18,8.0,-6.68,-9.06,0.83,101754.22,0.0,0.0,0.0,208.36,0.0,1.66,323.57,0.01,0.0,0.0
2025-02-02 00:00:00,"(39.906217, 116.391276)",era5,56.18,8.0,-6.02,-8.62,0.82,101810.93,0.0,9.54,15.14,206.23,5.6,1.94,323.97,0.0,0.0,0.0
2025-02-02 01:00:00,"(39.906217, 116.391276)",era5,56.18,8.0,-3.83,-8.13,0.72,101866.86,465.06,53.16,140.16,211.56,87.0,1.95,332.47,0.0,0.0,0.0
2025-02-02 02:00:00,"(39.906217, 116.391276)",era5,56.18,8.0,2.11,-8.08,0.47,101918.45,643.94,85.54,303.4,213.18,217.86,2.18,352.22,0.0,0.0,0.0
2025-02-02 03:00:00,"(39.906217, 116.391276)",era5,56.18,8.0,2.81,-10.42,0.37,101927.14,743.26,103.57,440.96,213.93,337.39,3.9,347.86,0.0,0.0,0.0
2025-02-02 04:00:00,"(39.906217, 116.391276)",era5,56.18,8.0,3.02,-11.09,0.35,101885.7,827.7,103.6,538.97,211.61,435.37,4.3,340.85,0.0,0.0,0.0
2025-02-02 05:00:00,"(39.906217, 116.391276)",era5,56.18,8.0,4.55,-14.62,0.23,101852.83,854.75,102.81,572.61,211.09,469.8,4.79,334.1,0.0,0.0,0.0
2025-02-02 06:00:00,"(39.906217, 116.391276)",era5,56.18,8.0,4.75,-15.35,0.22,101779.9,840.63,101.21,541.04,209.45,439.83,5.23,329.03,0.04,0.0,0.0
2025-02-02 07:00:00,"(39.906217, 116.391276)",era5,56.18,8.0,5.07,-16.53,0.19,101749.48,754.68,103.01,441.51,212.03,338.5,5.3,324.4,0.01,0.0,0.0
2025-02-02 08:00:00,"(39.906217, 116.391276)",era5,56.18,8.0,3.5,-18.18,0.19,101788.76,676.56,81.83,305.58,209.42,223.74,5.0,329.88,0.01,0.0,0.0
2025-02-02 09:00:00,"(39.906217, 116.391276)",era5,56.18,8.0,2.83,-19.62,0.17,101868.49,501.28,51.07,140.18,202.12,89.11,3.84,344.82,0.0,0.0,0.0
2025-02-02 10:00:00,"(39.906217, 116.391276)",era5,56.18,8.0,-0.77,-19.55,0.23,101938.61,0.0,8.03,12.88,197.92,4.85,3.0,345.88,0.0,0.0,0.0
2025-02-02 11:00:00,"(39.906217, 116.391276)",era5,56.18,8.0,-1.4,-19.77,0.23,102097.6,0.0,0.0,0.0,194.51,0.0,3.14,346.38,0.0,0.0,0.0
2025-02-02 12:00:00,"(39.906217, 116.391276)",era5,56.18,8.0,-1.73,-19.76,0.24,102251.15,0.0,0.0,0.0,191.28,0.0,3.28,348.38,0.0,0.0,0.0
2025-02-02 13:00:00,"(39.906217, 116.391276)",era5,56.18,8.0,-2.05,-20.46,0.23,102322.12,0.0,0.0,0.0,188.14,0.0,2.92,346.74,0.0,0.0,0.0
2025-02-02 14:00:00,"(39.906217, 116.391276)",era5,56.18,8.0,-3.02,-21.08,0.23,102394.69,0.0,0.0,0.0,184.55,0.0,2.57,340.59,0.0,0.0,0.0
2025-02-02 15:00:00,"(39.906217, 116.391276)",era5,56.18,8.0,-4.5,-21.75,0.25,102450.2,0.0,0.0,0.0,182.13,0.0,2.59,332.18,0.0,0.0,0.0
2025-02-02 16:00:00,"(39.906217, 116.391276)",era5,56.18,8.0,-4.2,-22.0,0.24,102478.94,0.0,0.0,0.0,180.95,0.0,2.82,326.86,0.0,0.0,0.0
2025-02-02 17:00:00,"(39.906217, 116.391276)",era5,56.18,8.0,-4.37,-21.95,0.24,102474.43,0.0,0.0,0.0,180.7,0.0,2.87,324.59,0.0,0.0,0.0
2025-02-02 18:00:00,"(39.906217, 116.391276)",era5,56.18,8.0,-4.52,-21.49,0.25,102473.79,0.0,0.0,0.0,180.3,0.0,2.68,324.85,0.0,0.0,0.0
2025-02-02 19:00:00,"(39.906217, 116.391276)",era5,56.18,8.0,-4.44,-21.01,0.26,102435.78,0.0,0.0,0.0,180.28,0.0,2.25,327.94,0.0,0.0,0.0
2025-02-02 20:00:00,"(39.906217, 116.391276)",era5,56.18,8.0,-6.11,-20.98,0.3,102402.23,0.0,0.0,0.0,180.0,0.0,2.06,333.73,0.0,0.0,0.0
2025-02-02 21:00:00,"(39.906217, 116.391276)",era5,56.18,8.0,-7.03,-20.78,0.33,102351.2,0.0,0.0,0.0,179.81,0.0,2.25,332.14,0.0,0.0,0.0
2025-02-02 22:00:00,"(39.906217, 116.391276)",era5,56.18,8.0,-7.13,-20.22,0.34,102268.07,0.0,0.0,0.0,179.46,0.0,1.61,271.96,0.0,0.0,0.0
2025-02-02 23:00:00,"(39.906217, 116.391276)",era5,56.18,8.0,-6.82,-20.19,0.34,102306.37,0.0,0.0,0.0,179.41,0.0,1.87,255.53,0.0,0.0,0.0
2025-02-03 00:00:00,"(39.906217, 116.391276)",era5,56.18,8.0,-6.16,-19.11,0.35,102329.16,0.0,10.23,17.44,179.85,7.21,1.53,263.56,0.0,0.0,0.0
2025-02-03 01:00:00,"(39.906217, 116.391276)",era5,56.18,8.0,-4.54,-19.18,0.31,102387.23,518.95,54.35,153.18,182.92,98.83,2.02,277.28,0.0,0.0,0.0
2025-02-03 02:00:00,"(39.906217, 116.391276)",era5,56.18,8.0,-0.45,-20.4,0.21,102382.76,711.73,80.41,323.83,185.41,243.42,3.81,306.34,0.0,0.0,0.0
2025-02-03 03:00:00,"(39.906217, 116.391276)",era5,56.18,8.0,-0.53,-19.82,0.22,102349.33,809.01,94.95,465.37,187.5,370.42,4.61,316.02,0.01,0.0,0.0
2025-02-03 04:00:00,"(39.906217, 116.391276)",era5,56.18,8.0,-0.02,-19.83,0.21,102282.18,857.19,102.09,556.52,189.38,454.43,5.71,322.12,0.56,0.0,0.0
2025-02-03 05:00:00,"(39.906217, 116.391276)",era5,56.18,8.0,1.58,-20.82,0.17,102182.18,703.35,161.45,551.03,206.24,389.59,6.51,323.36,0.82,0.0,0.0
2025-02-03 06:00:00,"(39.906217, 116.391276)",era5,56.18,8.0,1.77,-20.87,0.17,102060.5,688.82,151.09,514.47,217.43,363.38,6.68,324.49,0.86,0.0,0.0
2025-02-03 07:00:00,"(39.906217, 116.391276)",era5,56.18,8.0,1.78,-21.28,0.16,102068.54,623.88,143.45,425.97,210.86,282.51,6.65,326.78,0.73,0.0,0.0
2025-02-03 08:00:00,"(39.906217, 116.391276)",era5,56.18,8.0,0.63,-21.32,0.18,102083.26,624.42,94.44,303.56,200.05,209.12,6.04,334.39,0.13,0.0,0.0
2025-02-03 09:00:00,"(39.906217, 116.391276)",era5,56.18,8.0,0.34,-22.42,0.16,102159.4,504.35,52.62,144.3,190.54,91.68,4.29,350.82,0.01,0.0,0.0
2025-02-03 10:00:00,"(39.906217, 116.391276)",era5,56.18,8.0,-3.08,-20.76,0.24,102197.4,0.0,8.67,14.16,187.9,5.49,2.86,0.46,0.0,0.0,0.0
2025-02-03 11:00:00,"(39.906217, 116.391276)",era5,56.18,8.0,-3.24,-20.85,0.24,102321.92,0.0,0.0,0.0,185.88,0.0,3.25,2.31,0.0,0.0,0.0
2025-02-03 12:00:00,"(39.906217, 116.391276)",era5,56.18,8.0,-3.37,-20.82,0.25,102418.63,0.0,0.0,0.0,184.22,0.0,3.47,0.65,0.0,0.0,0.0
2025-02-03 13:00:00,"(39.906217, 116.391276)",era5,56.18,8.0,-3.49,-20.81,0.25,102484.98,0.0,0.0,0.0,182.63,0.0,3.2,358.29,0.0,0.0,0.0
2025-02-03 14:00:00,"(39.906217, 116.391276)",era5,56.18,8.0,-4.27,-20.78,0.26,102430.16,0.0,0.0,0.0,181.06,0.0,2.54,358.78,0.0,0.0,0.0
2025-02-03 15:00:00,"(39.906217, 116.391276)",era5,56.18,8.0,-6.37,-20.7,0.31,102449.76,0.0,0.0,0.0,179.49,0.0,2.08,3.24,0.0,0.0,0.0
2025-02-03 16:00:00,"(39.906217, 116.391276)",era5,56.18,8.0,-6.48,-20.79,0.31,102418.13,0.0,0.0,0.0,178.12,0.0,2.01,1.12,0.0,0.0,0.0
2025-02-03 17:00:00,"(39.906217, 116.391276)",era5,56.18,8.0,-7.03,-20.73,0.33,102423.47,0.0,0.0,0.0,177.05,0.0,2.01,357.5,0.0,0.0,0.0
2025-02-03 18:00:00,"(39.906217, 116.391276)",era5,56.18,8.0,-6.98,-20.62,0.33,102350.06,0.0,0.0,0.0,176.15,0.0,1.97,358.33,0.0,0.0,0.0
2025-02-03 19:00:00,"(39.906217, 116.391276)",era5,56.18,8.0,-6.88,-20.53,0.33,102331.49,0.0,0.0,0.0,175.85,0.0,1.97,358.6,0.0,0.0,0.0
2025-02-03 20:00:00,"(39.906217, 116.391276)",era5,56.18,8.0,-8.63,-20.16,0.39,102242.84,0.0,0.0,0.0,175.49,0.0,1.94,1.15,0.02,0.0,0.0
2025-02-03 21:00:00,"(39.906217, 116.391276)",era5,56.18,8.0,-8.39,-20.07,0.38,102209.3,0.0,0.0,0.0,175.21,0.0,1.77,9.36,0.08,0.0,0.0
2025-02-03 22:00:00,"(39.906217, 116.391276)",era5,56.18,8.0,-8.88,-19.97,0.4,102145.22,0.0,0.0,0.0,174.78,0.0,1.33,1.13,0.18,0.0,0.0
2025-02-03 23:00:00,"(39.906217, 116.391276)",era5,56.18,8.0,-8.45,-19.98,0.39,102171.14,0.0,0.0,0.0,174.27,0.0,0.95,353.92,0.35,0.0,0.0
2025-02-04 00:00:00,"(39.906217, 116.391276)",era5,56.18,8.0,-8.54,-17.39,0.49,102166.44,0.0,11.31,18.41,176.57,7.1,0.29,336.03,0.41,0.0,0.0
2025-02-04 01:00:00,"(39.906217, 116.391276)",era5,56.18,8.0,-6.9,-18.85,0.38,102175.35,485.63,59.99,154.17,178.75,94.18,0.45,228.46,0.48,0.0,0.0
2025-02-04 02:00:00,"(39.906217, 116.391276)",era5,56.18,8.0,-2.16,-19.44,0.25,102086.96,568.02,110.0,306.41,185.9,196.41,1.1,244.32,0.57,0.0,0.0
2025-02-04 03:00:00,"(39.906217, 116.391276)",era5,56.18,8.0,-2.13,-19.33,0.25,101983.2,656.09,138.46,441.5,189.42,303.04,1.78,262.47,0.48,0.0,0.0
2025-02-04 04:00:00,"(39.906217, 116.391276)",era5,56.18,8.0,-1.77,-19.26,0.25,101843.88,770.48,132.95,544.65,190.9,411.7,2.41,276.32,0.29,0.0,0.0
2025-02-04 05:00:00,"(39.906217, 116.391276)",era5,56.18,8.0,0.89,-19.26,0.21,101687.28,842.27,113.01,583.19,191.32,470.17,2.88,285.9,0.24,0.0,0.0
2025-02-04 06:00:00,"(39.906217, 116.391276)",era5,56.18,8.0,1.83,-19.66,0.19,101485.62,852.62,103.63,557.14,192.87,453.51,4.44,302.96,0.86,0.0,0.0
2025-02-04 07:00:00,"(39.906217, 116.391276)",era5,56.18,8.0,2.25,-20.0,0.17,101391.02,494.13,164.93,390.83,223.74,225.9,5.25,307.02,1.0,0.0,0.0
2025-02-04 08:00:00,"(39.906217, 116.391276)",era5,56.18,8.0,1.94,-19.77,0.18,101319.59,210.06,152.2,223.43,248.08,71.23,5.13,311.88,0.89,0.0,0.0
2025-02-04 09:00:00,"(39.906217, 116.391276)",era5,56.18,8.0,2.03,-20.84,0.17,101357.38,135.92,76.9,102.15,240.65,25.25,3.91,320.08,0.28,0.0,0.0
2025-02-04 10:00:00,"(39.906217, 116.391276)",era5,56.18,8.0,-0.3,-21.21,0.19,101437.02,0.0,9.71,14.26,211.56,4.55,3.47,311.9,0.04,0.0,0.0
2025-02-04 11:00:00,"(39.906217, 116.391276)",era5,56.18,8.0,-0.37,-21.57,0.18,101611.97,0.0,0.0,0.0,202.69,0.0,4.81,324.29,0.05,0.0,0.0
2025-02-04 12:00:00,"(39.906217, 116.391276)",era5,56.18,8.0,-1.0,-22.36,0.18,101683.92,0.0,0.0,0.0,192.15,0.0,5.2,332.04,0.0,0.0,0.0
2025-02-04 13:00:00,"(39.906217, 116.391276)",era5,56.18,8.0,-1.56,-23.54,0.17,101772.22,0.0,0.0,0.0,186.1,0.0,4.95,336.87,0.0,0.0,0.0
2025-02-04 14:00:00,"(39.906217, 116.391276)",era5,56.18,8.0,-2.74,-23.38,0.19,101825.33,0.0,0.0,0.0,180.94,0.0,4.56,339.06,0.0,0.0,0.0
2025-02-04 15:00:00,"(39.906217, 116.391276)",era5,56.18,8.0,-4.74,-24.39,0.2,101884.16,0.0,0.0,0.0,177.9,0.0,4.1,337.62,0.0,0.0,0.0
2025-02-04 16:00:00,"(39.906217, 116.391276)",era5,56.18,8.0,-5.06,-24.13,0.21,101928.02,0.0,0.0,0.0,175.18,0.0,3.96,336.16,0.0,0.0,0.0
2025-02-04 17:00:00,"(39.906217, 116.391276)",era5,56.18,8.0,-5.77,-24.38,0.22,101960.95,0.0,0.0,0.0,173.02,0.0,3.96,334.3,0.0,0.0,0.0
2025-02-04 18:00:00,"(39.906217, 116.391276)",era5,56.18,8.0,-5.82,-24.01,0.22,101921.65,0.0,0.0,0.0,171.57,0.0,3.94,334.23,0.0,0.0,0.0
2025-02-04 19:00:00,"(39.906217, 116.391276)",era5,56.18,8.0,-5.89,-23.78,0.23,101921.46,0.0,0.0,0.0,171.82,0.0,3.71,333.69,0.0,0.0,0.0
2025-02-04 20:00:00,"(39.906217, 116.391276)",era5,56.18,8.0,-7.48,-23.62,0.26,101906.22,0.0,0.0,0.0,170.54,0.0,3.19,331.32,0.0,0.0,0.0
2025-02-04 21:00:00,"(39.906217, 116.391276)",era5,56.18,8.0,-7.59,-23.58,0.27,101882.07,0.0,0.0,0.0,169.3,0.0,2.75,326.68,0.0,0.0,0.0
2025-02-04 22:00:00,"(39.906217, 116.391276)",era5,56.18,8.0,-7.51,-23.5,0.27,101837.58,0.0,0.0,0.0,168.14,0.0,1.84,325.24,0.0,0.0,0.0
2025-02-04 23:00:00,"(39.906217, 116.391276)",era5,56.18,8.0,-7.62,-23.67,0.26,101928.75,0.0,0.0,0.0,167.5,0.0,1.69,305.02,0.0,0.0,0.0
2025-02-05 00:00:00,"(39.906217, 116.391276)",era5,56.18,8.0,-7.51,-23.17,0.27,101924.44,0.0,11.5,20.3,167.19,8.8,1.96,299.26,0.0,0.0,0.0
2025-02-05 01:00:00,"(39.906217, 116.391276)",era5,56.18,8.0,-7.16,-22.69,0.28,101988.68,540.81,56.17,162.98,168.76,106.81,3.15,294.65,0.0,0.0,0.0
2025-02-05 02:00:00,"(39.906217, 116.391276)",era5,56.18,8.0,-3.14,-23.96,0.18,101923.69,732.22,81.6,337.6,170.03,256.0,4.08,290.41,0.0,0.0,0.0
2025-02-05 03:00:00,"(39.906217, 116.391276)",era5,56.18,8.0,-3.03,-23.58,0.19,101871.18,827.81,95.88,481.61,172.16,385.73,4.24,287.49,0.0,0.0,0.0
2025-02-05 04:00:00,"(39.906217, 116.391276)",era5,56.18,8.0,-2.78,-23.39,0.19,101774.26,873.06,103.69,573.93,174.78,470.24,4.34,284.85,0.0,0.0,0.0
2025-02-05 05:00:00,"(39.906217, 116.391276)",era5,56.18,8.0,-0.29,-24.3,0.14,101613.13,886.33,106.03,604.67,177.37,498.65,4.41,285.16,0.0,0.0,0.0
2025-02-05 06:00:00,"(39.906217, 116.391276)",era5,56.18,8.0,-0.11,-24.19,0.14,101503.24,870.9,103.27,570.34,180.04,467.07,4.4,287.71,0.0,0.0,0.0
2025-02-05 07:00:00,"(39.906217, 116.391276)",era5,56.18,8.0,0.15,-24.49,0.14,101427.0,816.46,96.83,473.65,181.53,376.81,4.61,295.34,0.32,0.0,0.0
2025-02-05 08:00:00,"(39.906217, 116.391276)",era5,56.18,8.0,0.6,-23.32,0.15,101354.39,691.32,85.98,323.35,187.68,237.37,4.33,294.02,0.83,0.0,0.0
2025-02-05 09:00:00,"(39.906217, 116.391276)",era5,56.18,8.0,-0.4,-22.05,0.18,101274.02,474.53,59.03,149.12,191.19,90.09,1.84,229.65,0.17,0.0,0.0
2025-02-05 10:00:00,"(39.906217, 116.391276)",era5,56.18,8.0,-2.82,-21.33,0.23,101323.03,0.0,10.0,16.38,187.38,6.38,2.86,191.74,0.0,0.0,0.0
2025-02-05 11:00:00,"(39.906217, 116.391276)",era5,56.18,8.0,-2.42,-22.27,0.2,101371.52,0.0,0.0,0.0,187.74,0.0,3.27,196.24,0.0,0.0,0.0
2025-02-05 12:00:00,"(39.906217, 116.391276)",era5,56.18,8.0,-2.09,-22.84,0.19,101341.17,0.0,0.0,0.0,185.03,0.0,3.74,203.54,0.03,0.0,0.0
2025-02-05 13:00:00,"(39.906217, 116.391276)",era5,56.18,8.0,-2.7,-22.51,0.2,101331.97,0.0,0.0,0.0,185.25,0.0,3.71,214.83,0.08,0.0,0.0
2025-02-05 14:00:00,"(39.906217, 116.391276)",era5,56.18,8.0,-3.29,-21.12,0.24,101320.79,0.0,0.0,0.0,191.16,0.0,3.62,228.55,0.02,0.0,0.0
2025-02-05 15:00:00,"(39.906217, 116.391276)",era5,56.18,8.0,-4.26,-19.81,0.29,101331.93,0.0,0.0,0.0,191.53,0.0,2.98,247.25,0.0,0.0,0.0
2025-02-05 16:00:00,"(39.906217, 116.391276)",era5,56.18,8.0,-4.01,-20.26,0.27,101382.06,0.0,0.0,0.0,190.84,0.0,2.41,265.28,0.0,0.0,0.0
2025-02-05 17:00:00,"(39.906217, 116.391276)",era5,56.18,8.0,-5.08,-20.14,0.3,101434.8,0.0,0.0,0.0,188.3,0.0,1.94,280.42,0.0,0.0,0.0
2025-02-05 18:00:00,"(39.906217, 116.391276)",era5,56.18,8.0,-6.09,-20.0,0.32,101389.61,0.0,0.0,0.0,187.72,0.0,1.84,282.05,0.0,0.0,0.0
2025-02-05 19:00:00,"(39.906217, 116.391276)",era5,56.18,8.0,-6.48,-19.81,0.34,101396.77,0.0,0.0,0.0,186.65,0.0,1.64,272.11,0.0,0.0,0.0
2025-02-05 20:00:00,"(39.906217, 116.391276)",era5,56.18,8.0,-6.75,-19.43,0.36,101354.59,0.0,0.0,0.0,186.46,0.0,1.58,268.05,0.0,0.0,0.0
2025-02-05 21:00:00,"(39.906217, 116.391276)",era5,56.18,8.0,-6.68,-18.9,0.37,101388.94,0.0,0.0,0.0,186.32,0.0,1.58,272.23,0.0,0.0,0.0
2025-02-05 22:00:00,"(39.906217, 116.391276)",era5,56.18,8.0,-6.82,-18.37,0.39,101474.67,0.0,0.0,0.0,186.5,0.0,1.49,281.87,0.0,0.0,0.0
2025-02-05 23:00:00,"(39.906217, 116.391276)",era5,56.18,8.0,-7.23,-18.5,0.4,101559.91,0.0,0.0,0.0,186.76,0.0,1.46,297.47,0.0,0.0,0.0
2025-02-06 00:00:00,"(39.906217, 116.391276)",era5,56.18,8.0,-7.42,-18.02,0.42,101575.22,0.0,11.99,21.12,186.8,9.13,1.98,306.93,0.0,0.0,0.0
2025-02-06 01:00:00,"(39.906217, 116.391276)",era5,56.18,8.0,-3.91,-16.17,0.38,101533.44,528.52,56.55,162.86,188.0,106.31,1.6,318.41,0.0,0.0,0.0
2025-02-06 02:00:00,"(39.906217, 116.391276)",era5,56.18,8.0,0.31,-18.3,0.23,101569.98,725.72,80.76,337.34,189.64,256.58,2.61,346.21,0.0,0.0,0.0
2025-02-06 03:00:00,"(39.906217, 116.391276)",era5,56.18,8.0,0.27,-18.28,0.23,101558.0,821.36,94.52,480.66,190.63,386.14,3.79,344.64,0.28,0.0,0.0
2025-02-06 04:00:00,"(39.906217, 116.391276)",era5,56.18,8.0,0.2,-18.68,0.23,101523.54,838.48,110.62,565.86,194.07,455.24,4.41,345.96,0.95,0.0,0.0
2025-02-06 05:00:00,"(39.906217, 116.391276)",era5,56.18,8.0,-0.55,-19.74,0.22,101559.5,459.5,213.17,473.72,224.78,260.55,5.58,345.11,1.0,0.0,0.0
2025-02-06 06:00:00,"(39.906217, 116.391276)",era5,56.18,8.0,-1.17,-19.9,0.23,101616.35,239.57,244.98,374.53,230.95,129.55,6.66,346.53,1.0,0.0,0.0
2025-02-06 07:00:00,"(39.906217, 116.391276)",era5,56.18,8.0,-1.32,-20.55,0.22,101706.95,135.1,194.62,257.57,244.47,62.95,7.24,344.26,0.9,0.01,0.01
2025-02-06 08:00:00,"(39.906217, 116.391276)",era5,56.18,8.0,-3.99,-23.31,0.21,101818.75,198.59,139.52,208.55,225.47,69.03,7.61,343.97,0.7,0.0,0.0
2025-02-06 09:00:00,"(39.906217, 116.391276)",era5,56.18,8.0,-4.22,-24.56,0.19,101989.05,194.7,72.49,110.25,213.98,37.75,7.56,344.83,0.39,0.0,0.0
2025-02-06 10:00:00,"(39.906217, 116.391276)",era5,56.18,8.0,-7.53,-27.81,0.18,102233.74,0.0,11.39,17.41,184.49,6.01,7.07,345.03,0.02,0.0,0.0
2025-02-06 11:00:00,"(39.906217, 116.391276)",era5,56.18,8.0,-7.98,-28.74,0.17,102494.03,0.0,0.0,0.0,166.92,0.0,7.35,345.67,0.0,0.0,0.0
2025-02-06 12:00:00,"(39.906217, 116.391276)",era5,56.18,8.0,-8.16,-29.12,0.17,102662.67,0.0,0.0,0.0,156.92,0.0,7.04,342.06,0.0,0.0,0.0
2025-02-06 13:00:00,"(39.906217, 116.391276)",era5,56.18,8.0,-8.32,-29.56,0.16,102810.91,0.0,0.0,0.0,152.26,0.0,7.09,337.67,0.0,0.0,0.0
2025-02-06 14:00:00,"(39.906217, 116.391276)",era5,56.18,8.0,-9.11,-29.73,0.17,102892.84,0.0,0.0,0.0,148.82,0.0,7.34,335.96,0.0,0.0,0.0
2025-02-06 15:00:00,"(39.906217, 116.391276)",era5,56.18,8.0,-11.38,-30.03,0.2,102965.53,0.0,0.0,0.0,146.81,0.0,7.22,335.95,0.0,0.0,0.0
2025-02-06 16:00:00,"(39.906217, 116.391276)",era5,56.18,8.0,-11.39,-29.85,0.2,103033.17,0.0,0.0,0.0,145.49,0.0,7.02,335.15,0.0,0.0,0.0
2025-02-06 17:00:00,"(39.906217, 116.391276)",era5,56.18,8.0,-11.93,-29.99,0.21,103040.59,0.0,0.0,0.0,144.55,0.0,6.52,333.4,0.0,0.0,0.0
2025-02-06 18:00:00,"(39.906217, 116.391276)",era5,56.18,8.0,-11.9,-29.92,0.21,103057.69,0.0,0.0,0.0,144.39,0.0,6.0,331.46,0.0,0.0,0.0
2025-02-06 19:00:00,"(39.906217, 116.391276)",era5,56.18,8.0,-11.94,-29.93,0.21,103041.99,0.0,0.0,0.0,142.75,0.0,5.5,329.87,0.0,0.0,0.0
2025-02-06 20:00:00,"(39.906217, 116.391276)",era5,56.18,8.0,-12.55,-29.52,0.23,103046.64,0.0,0.0,0.0,142.79,0.0,5.23,329.03,0.0,0.0,0.0
2025-02-06 21:00:00,"(39.906217, 116.391276)",era5,56.18,8.0,-12.5,-29.74,0.22,103060.91,0.0,0.0,0.0,143.42,0.0,4.97,327.53,0.0,0.0,0.0
2025-02-06 22:00:00,"(39.906217, 116.391276)",era5,56.18,8.0,-12.65,-29.36,0.23,103035.73,0.0,0.0,0.0,144.57,0.0,4.87,328.51,0.0,0.0,0.0
2025-02-06 23:00:00,"(39.906217, 116.391276)",era5,56.18,8.0,-12.63,-29.33,0.23,103171.59,0.0,0.0,0.0,146.23,0.0,5.02,324.9,0.0,0.0,0.0
2025-02-07 00:00:00,"(39.906217, 116.391276)",era5,56.18,8.0,-12.43,-28.95,0.24,103160.6,0.0,12.96,23.56,148.03,10.6,5.15,322.88,0.0,0.0,0.0
2025-02-07 01:00:00,"(39.906217, 116.391276)",era5,56.18,8.0,-12.16,-28.61,0.24,103279.79,556.19,58.31,172.28,150.69,113.96,6.69,322.73,0.0,0.0,0.0
2025-02-07 02:00:00,"(39.906217, 116.391276)",era5,56.18,8.0,-8.23,-28.48,0.18,103295.2,742.37,83.66,349.1,153.16,265.44,6.78,322.44,0.0,0.0,0.0
2025-02-07 03:00:00,"(39.906217, 116.391276)",era5,56.18,8.0,-7.81,-28.22,0.18,103270.68,835.53,97.99,494.33,156.29,396.34,6.99,323.22,0.0,0.0,0.0
2025-02-07 04:00:00,"(39.906217, 116.391276)",era5,56.18,8.0,-7.51,-27.99,0.18,103208.64,879.99,105.76,587.39,159.69,481.63,7.25,322.92,0.0,0.0,0.0
2025-02-07 05:00:00,"(39.906217, 116.391276)",era5,56.18,8.0,-4.95,-27.13,0.16,103133.31,892.41,108.23,618.23,162.96,510.0,7.41,321.77,0.0,0.0,0.0
2025-02-07 06:00:00,"(39.906217, 116.391276)",era5,56.18,8.0,-4.82,-27.06,0.16,103054.04,877.46,105.5,583.92,165.72,478.42,7.47,321.72,0.0,0.0,0.0
2025-02-07 07:00:00,"(39.906217, 116.391276)",era5,56.18,8.0,-4.72,-27.08,0.16,102984.53,829.72,97.51,487.74,166.02,390.24,7.32,322.58,0.0,0.0,0.0
2025-02-07 08:00:00,"(39.906217, 116.391276)",era5,56.18,8.0,-4.7,-26.51,0.16,102989.62,732.61,82.83,340.62,167.52,257.79,6.97,324.85,0.0,0.0,0.0
2025-02-07 09:00:00,"(39.906217, 116.391276)",era5,56.18,8.0,-4.89,-27.12,0.16,103022.96,540.18,56.77,163.72,168.2,106.95,5.65,327.54,0.0,0.0,0.0
2025-02-07 10:00:00,"(39.906217, 116.391276)",era5,56.18,8.0,-6.76,-26.33,0.19,103063.78,0.0,11.57,20.2,167.88,8.63,4.76,333.01,0.0,0.0,0.0
2025-02-07 11:00:00,"(39.906217, 116.391276)",era5,56.18,8.0,-6.93,-26.37,0.2,103231.75,0.0,0.0,0.0,167.72,0.0,4.73,338.08,0.0,0.0,0.0
2025-02-07 12:00:00,"(39.906217, 116.391276)",era5,56.18,8.0,-7.14,-26.44,0.2,103267.51,0.0,0.0,0.0,167.34,0.0,4.73,337.03,0.0,0.0,0.0
2025-02-07 13:00:00,"(39.906217, 116.391276)",era5,56.18,8.0,-7.33,-26.51,0.2,103284.79,0.0,0.0,0.0,166.72,0.0,4.48,334.78,0.0,0.0,0.0
2025-02-07 14:00:00,"(39.906217, 116.391276)",era5,56.18,8.0,-7.66,-26.48,0.21,103322.41,0.0,0.0,0.0,166.2,0.0,4.24,335.24,0.0,0.0,0.0
2025-02-07 15:00:00,"(39.906217, 116.391276)",era5,56.18,8.0,-9.29,-25.84,0.25,103276.9,0.0,0.0,0.0,165.69,0.0,3.94,337.06,0.0,0.0,0.0
2025-02-07 16:00:00,"(39.906217, 116.391276)",era5,56.18,8.0,-9.51,-25.95,0.25,103286.87,0.0,0.0,0.0,165.14,0.0,3.72,336.46,0.0,0.0,0.0
2025-02-07 17:00:00,"(39.906217, 116.391276)",era5,56.18,8.0,-9.91,-25.96,0.26,103300.58,0.0,0.0,0.0,164.64,0.0,3.28,333.06,0.0,0.0,0.0
2025-02-07 18:00:00,"(39.906217, 116.391276)",era5,56.18,8.0,-9.83,-26.01,0.25,103329.65,0.0,0.0,0.0,164.06,0.0,3.02,328.47,0.0,0.0,0.0
2025-02-07 19:00:00,"(39.906217, 116.391276)",era5,56.18,8.0,-9.9,-26.17,0.25,103333.77,0.0,0.0,0.0,164.42,0.0,2.71,329.04,0.0,0.0,0.0
2025-02-07 20:00:00,"(39.906217, 116.391276)",era5,56.18,8.0,-10.51,-25.88,0.27,103277.99,0.0,0.0,0.0,163.94,0.0,2.57,334.88,0.0,0.0,0.0
2025-02-07 21:00:00,"(39.906217, 116.391276)",era5,56.18,8.0,-10.52,-25.86,0.27,103302.83,0.0,0.0,0.0,163.32,0.0,2.6,340.48,0.0,0.0,0.0
2025-02-07 22:00:00,"(39.906217, 116.391276)",era5,56.18,8.0,-10.46,-25.77,0.27,103226.53,0.0,0.0,0.0,162.76,0.0,3.31,343.79,0.0,0.0,0.0
2025-02-07 23:00:00,"(39.906217, 116.391276)",era5,56.18,8.0,-10.46,-25.59,0.28,103292.34,0.0,0.0,0.0,162.14,0.0,3.76,347.67,0.0,0.0,0.0
2025-02-08 00:00:00,"(39.906217, 116.391276)",era5,56.18,8.0,-10.35,-25.57,0.28,103277.64,0.0,13.59,24.79,161.64,11.2,4.06,347.2,0.0,0.0,0.0
2025-02-08 01:00:00,"(39.906217, 116.391276)",era5,56.18,8.0,-10.21,-25.24,0.28,103321.24,553.47,59.05,174.58,162.52,115.53,3.98,346.76,0.0,0.0,0.0
2025-02-08 02:00:00,"(39.906217, 116.391276)",era5,56.18,8.0,-4.84,-24.89,0.19,103294.11,739.66,84.3,351.79,163.94,267.49,3.99,340.78,0.0,0.0,0.0
2025-02-08 03:00:00,"(39.906217, 116.391276)",era5,56.18,8.0,-4.65,-24.4,0.2,103217.87,833.35,98.69,497.57,166.28,398.88,3.72,335.62,0.0,0.0,0.0
2025-02-08 04:00:00,"(39.906217, 116.391276)",era5,56.18,8.0,-4.22,-24.13,0.2,103143.25,878.4,106.46,591.12,169.05,484.66,3.31,332.76,0.0,0.0,0.0
2025-02-08 05:00:00,"(39.906217, 116.391276)",era5,56.18,8.0,-1.01,-24.68,0.15,103016.5,891.56,108.84,622.38,171.91,513.54,3.0,324.57,0.0,0.0,0.0
2025-02-08 06:00:00,"(39.906217, 116.391276)",era5,56.18,8.0,-0.78,-24.89,0.14,102884.93,877.48,106.18,588.57,174.19,482.39,2.97,321.26,0.0,0.0,0.0
2025-02-08 07:00:00,"(39.906217, 116.391276)",era5,56.18,8.0,-0.43,-25.46,0.13,102777.99,830.04,98.05,492.12,176.98,394.07,2.72,320.52,0.0,0.0,0.0
2025-02-08 08:00:00,"(39.906217, 116.391276)",era5,56.18,8.0,-0.34,-26.23,0.12,102702.62,735.25,83.39,345.26,177.35,261.87,2.38,317.19,0.0,0.0,0.0
2025-02-08 09:00:00,"(39.906217, 116.391276)",era5,56.18,8.0,-0.51,-26.71,0.12,102690.26,545.91,57.66,167.97,176.77,110.31,1.38,289.24,0.0,0.0,0.0
2025-02-08 10:00:00,"(39.906217, 116.391276)",era5,56.18,8.0,-4.54,-23.95,0.2,102682.63,0.0,12.31,21.83,173.84,9.52,2.16,259.18,0.0,0.0,0.0
2025-02-08 11:00:00,"(39.906217, 116.391276)",era5,56.18,8.0,-5.64,-24.85,0.2,102726.59,0.0,0.0,0.0,173.99,0.0,2.36,262.59,0.0,0.0,0.0
2025-02-08 12:00:00,"(39.906217, 116.391276)",era5,56.18,8.0,-5.8,-25.79,0.19,102725.22,0.0,0.0,0.0,173.93,0.0,2.03,271.04,0.0,0.0,0.0
2025-02-08 13:00:00,"(39.906217, 116.391276)",era5,56.18,8.0,-6.07,-25.56,0.2,102744.28,0.0,0.0,0.0,173.45,0.0,1.85,280.22,0.0,0.0,0.0
2025-02-08 14:00:00,"(39.906217, 116.391276)",era5,56.18,8.0,-7.15,-24.44,0.24,102750.89,0.0,0.0,0.0,173.03,0.0,1.8,297.59,0.0,0.0,0.0
2025-02-08 15:00:00,"(39.906217, 116.391276)",era5,56.18,8.0,-9.35,-23.59,0.3,102765.35,0.0,0.0,0.0,172.91,0.0,1.78,330.55,0.0,0.0,0.0
2025-02-08 16:00:00,"(39.906217, 116.391276)",era5,56.18,8.0,-9.33,-23.41,0.31,102733.74,0.0,0.0,0.0,173.56,0.0,2.08,357.92,0.0,0.0,0.0
2025-02-08 17:00:00,"(39.906217, 116.391276)",era5,56.18,8.0,-11.28,-23.47,0.36,102721.15,0.0,0.0,0.0,174.14,0.0,1.87,6.73,0.0,0.0,0.0
2025-02-08 18:00:00,"(39.906217, 116.391276)",era5,56.18,8.0,-10.82,-23.42,0.35,102664.68,0.0,0.0,0.0,174.21,0.0,1.73,3.46,0.03,0.0,0.0
2025-02-08 19:00:00,"(39.906217, 116.391276)",era5,56.18,8.0,-11.1,-23.18,0.36,102659.57,0.0,0.0,0.0,173.93,0.0,1.72,359.24,0.29,0.0,0.0
2025-02-08 20:00:00,"(39.906217, 116.391276)",era5,56.18,8.0,-12.58,-22.74,0.42,102613.56,0.0,0.0,0.0,173.75,0.0,1.66,350.07,0.7,0.0,0.0
2025-02-08 21:00:00,"(39.906217, 116.391276)",era5,56.18,8.0,-12.82,-22.86,0.43,102592.79,0.0,0.0,0.0,175.0,0.0,1.68,350.35,0.84,0.0,0.0
2025-02-08 22:00:00,"(39.906217, 116.391276)",era5,56.18,8.0,-12.31,-22.23,0.43,102529.15,0.0,0.0,0.0,176.96,0.0,1.74,345.22,0.87,0.0,0.0
2025-02-08 23:00:00,"(39.906217, 116.391276)",era5,56.18,8.0,-12.47,-22.2,0.44,102567.27,0.0,0.0,0.0,175.46,0.0,1.59,347.91,0.89,0.0,0.0
2025-02-09 00:00:00,"(39.906217, 116.391276)",era5,56.18,8.0,-12.04,-22.25,0.42,102576.34,0.0,14.65,25.19,176.96,10.54,1.97,348.4,0.76,0.0,0.0
2025-02-09 01:00:00,"(39.906217, 116.391276)",era5,56.18,8.0,-10.18,-21.14,0.4,102558.55,525.08,60.89,172.55,178.21,111.66,1.45,5.19,0.5,0.0,0.0
2025-02-09 02:00:00,"(39.906217, 116.391276)",era5,56.18,8.0,-3.92,-20.76,0.26,102541.44,724.77,84.11,349.24,180.23,265.13,1.37,20.66,0.2,0.0,0.0
2025-02-09 03:00:00,"(39.906217, 116.391276)",era5,56.18,8.0,-3.76,-20.74,0.25,102493.33,818.12,97.96,493.11,183.66,395.15,0.85,33.33,0.0,0.0,0.0
2025-02-09 04:00:00,"(39.906217, 116.391276)",era5,56.18,8.0,-3.59,-21.03,0.25,102368.71,862.12,105.81,585.36,187.15,479.55,0.26,140.07,0.0,0.0,0.0
2025-02-09 05:00:00,"(39.906217, 116.391276)",era5,56.18,8.0,0.23,-21.33,0.18,102218.25,874.8,108.37,616.24,189.61,507.87,1.19,184.71,0.0,0.0,0.0
2025-02-09 06:00:00,"(39.906217, 116.391276)",era5,56.18,8.0,0.38,-21.84,0.17,102066.02,860.49,105.8,582.74,191.43,476.95,1.9,188.44,0.0,0.0,0.0
2025-02-09 07:00:00,"(39.906217, 116.391276)",era5,56.18,8.0,0.39,-22.23,0.16,101970.6,813.26,97.82,487.55,193.6,389.72,2.43,183.07,0.0,0.0,0.0
2025-02-09 08:00:00,"(39.906217, 116.391276)",era5,56.18,8.0,0.47,-22.35,0.16,101898.97,719.22,83.36,342.61,193.7,259.25,3.01,175.33,0.0,0.0,0.0
2025-02-09 09:00:00,"(39.906217, 116.391276)",era5,56.18,8.0,0.68,-24.34,0.13,101898.55,534.16,57.86,167.97,192.79,110.12,2.57,167.06,0.0,0.0,0.0
2025-02-09 10:00:00,"(39.906217, 116.391276)",era5,56.18,8.0,-4.75,-21.62,0.25,101893.32,0.0,12.83,22.84,190.21,10.02,2.21,178.89,0.08,0.0,0.0
2025-02-09 11:00:00,"(39.906217, 116.391276)",era5,56.18,8.0,-5.16,-21.75,0.26,101931.95,0.0,0.0,0.0,189.77,0.0,2.28,186.51,0.01,0.0,0.0
2025-02-09 12:00:00,"(39.906217, 116.391276)",era5,56.18,8.0,-4.89,-21.89,0.25,101958.57,0.0,0.0,0.0,189.44,0.0,1.78,179.35,0.0,0.0,0.0
2025-02-09 13:00:00,"(39.906217, 116.391276)",era5,56.18,8.0,-4.61,-22.43,0.23,101946.54,0.0,0.0,0.0,189.76,0.0,1.4,170.87,0.0,0.0,0.0
2025-02-09 14:00:00,"(39.906217, 116.391276)",era5,56.18,8.0,-5.24,-21.86,0.26,101996.75,0.0,0.0,0.0,190.09,0.0,1.21,168.37,0.0,0.0,0.0
2025-02-09 15:00:00,"(39.906217, 116.391276)",era5,56.18,8.0,-7.46,-20.95,0.33,101926.56,0.0,0.0,0.0,190.29,0.0,1.21,163.14,0.0,0.0,0.0
2025-02-09 16:00:00,"(39.906217, 116.391276)",era5,56.18,8.0,-7.66,-20.9,0.34,101894.12,0.0,0.0,0.0,190.29,0.0,1.23,158.29,0.0,0.0,0.0
2025-02-09 17:00:00,"(39.906217, 116.391276)",era5,56.18,8.0,-8.18,-20.54,0.36,101879.27,0.0,0.0,0.0,189.88,0.0,1.12,169.44,0.0,0.0,0.0
2025-02-09 18:00:00,"(39.906217, 116.391276)",era5,56.18,8.0,-9.02,-20.96,0.37,101856.15,0.0,0.0,0.0,189.58,0.0,0.46,170.29,0.0,0.0,0.0
2025-02-09 19:00:00,"(39.906217, 116.391276)",era5,56.18,8.0,-8.95,-20.98,0.37,101844.98,0.0,0.0,0.0,189.76,0.0,0.24,25.18,0.0,0.0,0.0
2025-02-09 20:00:00,"(39.906217, 116.391276)",era5,56.18,8.0,-10.0,-20.81,0.41,101799.82,0.0,0.0,0.0,189.63,0.0,0.75,9.78,0.0,0.0,0.0
2025-02-09 21:00:00,"(39.906217, 116.391276)",era5,56.18,8.0,-10.43,-20.8,0.42,101762.96,0.0,0.0,0.0,189.17,0.0,1.0,15.9,0.0,0.0,0.0
2025-02-09 22:00:00,"(39.906217, 116.391276)",era5,56.18,8.0,-11.4,-20.39,0.47,101737.19,0.0,0.0,0.0,188.3,0.0,1.18,7.87,0.0,0.0,0.0
2025-02-09 23:00:00,"(39.906217, 116.391276)",era5,56.18,8.0,-11.55,-20.36,0.48,101802.81,0.0,0.0,0.0,187.65,0.0,1.03,357.71,0.0,0.0,0.0
2025-02-10 00:00:00,"(39.906217, 116.391276)",era5,56.18,8.0,-10.64,-20.1,0.46,101853.37,0.0,14.87,27.53,187.28,12.66,1.11,350.41,0.0,0.0,0.0
2025-02-10 01:00:00,"(39.906217, 116.391276)",era5,56.18,8.0,-7.42,-17.51,0.44,101855.68,546.77,59.9,178.35,189.38,118.45,0.82,11.19,0.0,0.0,0.0
2025-02-10 02:00:00,"(39.906217, 116.391276)",era5,56.18,8.0,-1.04,-19.2,0.24,101844.26,727.95,84.45,353.82,193.03,269.37,0.92,44.58,0.0,0.0,0.0
2025-02-10 03:00:00,"(39.906217, 116.391276)",era5,56.18,8.0,-0.73,-19.04,0.24,101803.5,819.84,98.51,498.12,197.22,399.6,0.89,74.38,0.0,0.0,0.0
2025-02-10 04:00:00,"(39.906217, 116.391276)",era5,56.18,8.0,-0.55,-18.96,0.23,101713.51,864.36,106.14,590.85,201.05,484.72,1.19,95.3,0.0,0.0,0.0
2025-02-10 05:00:00,"(39.906217, 116.391276)",era5,56.18,8.0,4.14,-18.74,0.17,101593.55,877.26,108.56,621.88,204.3,513.33,1.65,128.83,0.0,0.0,0.0
2025-02-10 06:00:00,"(39.906217, 116.391276)",era5,56.18,8.0,4.28,-18.65,0.17,101491.62,862.74,105.87,588.01,207.11,482.14,2.29,154.1,0.0,0.0,0.0
2025-02-10 07:00:00,"(39.906217, 116.391276)",era5,56.18,8.0,4.28,-18.67,0.17,101443.19,814.25,97.85,491.69,209.84,393.84,2.77,164.67,0.0,0.0,0.0
2025-02-10 08:00:00,"(39.906217, 116.391276)",era5,56.18,8.0,4.32,-17.73,0.18,101416.3,717.94,83.48,345.37,211.21,261.89,2.7,165.36,0.0,0.0,0.0
2025-02-10 09:00:00,"(39.906217, 116.391276)",era5,56.18,8.0,4.03,-15.12,0.23,101412.66,531.85,58.47,170.28,210.94,111.82,2.36,159.64,0.0,0.0,0.0
2025-02-10 10:00:00,"(39.906217, 116.391276)",era5,56.18,8.0,-0.99,-15.86,0.31,101427.42,0.0,13.53,24.24,207.63,10.72,2.09,157.1,0.0,0.0,0.0
2025-02-10 11:00:00,"(39.906217, 116.391276)",era5,56.18,8.0,-1.44,-16.39,0.31,101452.2,0.0,0.0,0.0,207.18,0.0,1.82,143.35,0.0,0.0,0.0
2025-02-10 12:00:00,"(39.906217, 116.391276)",era5,56.18,8.0,-1.72,-16.62,0.31,101481.77,0.0,0.0,0.0,206.44,0.0,1.6,143.53,0.0,0.0,0.0
2025-02-10 13:00:00,"(39.906217, 116.391276)",era5,56.18,8.0,-1.87,-16.5,0.32,101518.66,0.0,0.0,0.0,206.17,0.0,1.57,144.41,0.0,0.0,0.0
2025-02-10 14:00:00,"(39.906217, 116.391276)",era5,56.18,8.0,-2.47,-16.51,0.33,101505.88,0.0,0.0,0.0,206.24,0.0,1.41,140.21,0.0,0.0,0.0
2025-02-10 15:00:00,"(39.906217, 116.391276)",era5,56.18,8.0,-3.4,-16.01,0.37,101491.41,0.0,0.0,0.0,206.65,0.0,0.97,117.63,0.0,0.0,0.0
2025-02-10 16:00:00,"(39.906217, 116.391276)",era5,56.18,8.0,-3.73,-15.89,0.38,101514.6,0.0,0.0,0.0,207.27,0.0,1.0,92.01,0.0,0.0,0.0
2025-02-10 17:00:00,"(39.906217, 116.391276)",era5,56.18,8.0,-5.55,-15.28,0.46,101490.07,0.0,0.0,0.0,208.06,0.0,1.21,71.16,0.0,0.0,0.0
2025-02-10 18:00:00,"(39.906217, 116.391276)",era5,56.18,8.0,-6.11,-14.65,0.51,101467.29,0.0,0.0,0.0,209.18,0.0,1.45,54.03,0.0,0.0,0.0
2025-02-10 19:00:00,"(39.906217, 116.391276)",era5,56.18,8.0,-6.18,-14.99,0.5,101437.24,0.0,0.0,0.0,209.58,0.0,1.41,35.21,0.0,0.0,0.0
2025-02-10 20:00:00,"(39.906217, 116.391276)",era5,56.18,8.0,-7.28,-15.11,0.54,101401.52,0.0,0.0,0.0,209.96,0.0,1.29,21.13,0.0,0.0,0.0
2025-02-10 21:00:00,"(39.906217, 116.391276)",era5,56.18,8.0,-7.64,-15.32,0.54,101355.29,0.0,0.0,0.0,210.02,0.0,1.2,14.02,0.5,0.0,0.0
2025-02-10 22:00:00,"(39.906217, 116.391276)",era5,56.18,8.0,-6.88,-14.38,0.55,101326.08,0.0,0.0,0.0,210.05,0.0,1.69,14.04,0.78,0.0,0.0
2025-02-10 23:00:00,"(39.906217, 116.391276)",era5,56.18,8.0,-7.16,-14.44,0.56,101384.8,0.0,0.0,0.0,211.71,0.0,1.49,358.0,0.76,0.0,0.0
2025-02-11 00:00:00,"(39.906217, 116.391276)",era5,56.18,8.0,-6.64,-14.64,0.53,101437.6,0.0,16.5,25.93,221.08,9.43,1.09,8.77,0.67,0.0,0.0
2025-02-11 01:00:00,"(39.906217, 116.391276)",era5,56.18,8.0,-5.35,-13.53,0.53,101503.87,292.88,83.48,148.13,229.05,64.64,0.81,6.47,0.99,0.0,0.0
2025-02-11 02:00:00,"(39.906217, 116.391276)",era5,56.18,8.0,0.17,-12.85,0.37,101441.21,397.31,142.77,291.5,236.3,148.73,1.6,36.24,1.0,0.0,0.0
2025-02-11 03:00:00,"(39.906217, 116.391276)",era5,56.18,8.0,0.11,-13.01,0.37,101417.2,279.38,213.71,351.13,256.26,137.42,1.72,46.75,0.99,0.0,0.0
2025-02-11 04:00:00,"(39.906217, 116.391276)",era5,56.18,8.0,0.3,-12.96,0.36,101383.41,206.52,271.0,387.76,258.12,116.76,1.3,80.89,1.0,0.0,0.0
2025-02-11 05:00:00,"(39.906217, 116.391276)",era5,56.18,8.0,2.43,-12.39,0.33,101332.48,184.52,274.09,382.91,266.64,108.82,0.9,102.27,1.0,0.0,0.0
2025-02-11 06:00:00,"(39.906217, 116.391276)",era5,56.18,8.0,2.4,-12.42,0.33,101252.36,80.06,247.79,292.9,272.51,45.11,0.6,98.86,1.0,0.0,0.0
2025-02-11 07:00:00,"(39.906217, 116.391276)",era5,56.18,8.0,2.42,-12.67,0.32,101146.82,42.63,216.54,237.35,278.28,20.81,0.87,67.76,1.0,0.0,0.0
2025-02-11 08:00:00,"(39.906217, 116.391276)",era5,56.18,8.0,2.29,-11.03,0.37,101159.22,26.43,150.13,159.89,276.0,9.75,0.98,69.79,1.0,0.0,0.0
2025-02-11 09:00:00,"(39.906217, 116.391276)",era5,56.18,8.0,2.28,-9.92,0.4,101212.4,6.19,74.11,75.43,276.3,1.33,1.35,77.35,1.0,0.0,0.0
2025-02-11 10:00:00,"(39.906217, 116.391276)",era5,56.18,8.0,1.59,-10.03,0.42,101433.03,0.0,9.99,10.15,279.46,0.16,1.61,348.33,1.0,0.0,0.0
2025-02-11 11:00:00,"(39.906217, 116.391276)",era5,56.18,8.0,0.57,-9.0,0.49,101407.15,0.0,0.0,0.0,284.84,0.0,1.98,341.26,1.0,0.02,0.02
2025-02-11 12:00:00,"(39.906217, 116.391276)",era5,56.18,8.0,0.92,-9.39,0.46,101470.56,0.0,0.0,0.0,287.33,0.0,1.78,322.96,1.0,0.04,0.03
2025-02-11 13:00:00,"(39.906217, 116.391276)",era5,56.18,8.0,1.31,-9.02,0.46,101573.94,0.0,0.0,0.0,285.77,0.0,1.89,321.28,1.0,0.02,0.02
2025-02-11 14:00:00,"(39.906217, 116.391276)",era5,56.18,8.0,1.72,-8.07,0.48,101584.55,0.0,0.0,0.0,278.31,0.0,2.46,332.96,1.0,0.0,0.0
2025-02-11 15:00:00,"(39.906217, 116.391276)",era5,56.18,8.0,0.81,-9.32,0.47,101573.21,0.0,0.0,0.0,257.28,0.0,2.83,347.0,0.96,0.0,0.0
2025-02-11 16:00:00,"(39.906217, 116.391276)",era5,56.18,8.0,1.63,-10.72,0.39,101611.74,0.0,0.0,0.0,244.1,0.0,2.94,348.6,0.65,0.0,0.0
2025-02-11 17:00:00,"(39.906217, 116.391276)",era5,56.18,8.0,1.26,-13.02,0.34,101737.08,0.0,0.0,0.0,230.85,0.0,2.78,337.85,0.47,0.0,0.0
2025-02-11 18:00:00,"(39.906217, 116.391276)",era5,56.18,8.0,0.35,-13.96,0.33,101797.44,0.0,0.0,0.0,209.72,0.0,2.76,334.66,0.11,0.0,0.0
2025-02-11 19:00:00,"(39.906217, 116.391276)",era5,56.18,8.0,0.33,-14.86,0.31,101849.38,0.0,0.0,0.0,215.28,0.0,2.97,330.1,0.0,0.0,0.0
2025-02-11 20:00:00,"(39.906217, 116.391276)",era5,56.18,8.0,-0.73,-16.89,0.28,101883.51,0.0,0.0,0.0,203.51,0.0,3.12,325.74,0.0,0.0,0.0
2025-02-11 21:00:00,"(39.906217, 116.391276)",era5,56.18,8.0,-0.5,-17.34,0.27,101946.51,0.0,0.0,0.0,199.5,0.0,3.05,324.82,0.0,0.0,0.0
2025-02-11 22:00:00,"(39.906217, 116.391276)",era5,56.18,8.0,-0.85,-19.61,0.23,101930.49,0.0,0.0,0.0,195.14,0.0,3.32,328.32,0.0,0.0,0.0
2025-02-11 23:00:00,"(39.906217, 116.391276)",era5,56.18,8.0,-0.8,-19.39,0.23,102062.07,0.0,0.0,0.0,191.81,0.0,3.02,322.88,0.0,0.0,0.0
2025-02-12 00:00:00,"(39.906217, 116.391276)",era5,56.18,8.0,-0.35,-18.44,0.24,102082.25,0.0,16.72,31.73,190.66,15.01,3.11,320.96,0.0,0.0,0.0
2025-02-12 01:00:00,"(39.906217, 116.391276)",era5,56.18,8.0,0.28,-17.19,0.26,102142.67,558.87,61.98,187.65,193.09,125.67,3.73,320.32,0.0,0.0,0.0
2025-02-12 02:00:00,"(39.906217, 116.391276)",era5,56.18,8.0,3.7,-18.85,0.17,102131.04,734.52,86.31,364.48,196.02,278.17,4.54,316.91,0.0,0.0,0.0
2025-02-12 03:00:00,"(39.906217, 116.391276)",era5,56.18,8.0,3.82,-17.9,0.19,102108.61,824.06,100.32,509.41,198.69,409.09,4.51,313.18,0.0,0.0,0.0
2025-02-12 04:00:00,"(39.906217, 116.391276)",era5,56.18,8.0,4.08,-17.63,0.19,102020.55,867.88,108.05,602.74,200.97,494.7,5.19,311.64,0.0,0.0,0.0
2025-02-12 05:00:00,"(39.906217, 116.391276)",era5,56.18,8.0,5.92,-19.4,0.14,101898.9,880.8,110.54,634.12,202.62,523.58,7.13,318.01,0.62,0.0,0.0
2025-02-12 06:00:00,"(39.906217, 116.391276)",era5,56.18,8.0,6.17,-19.6,0.14,101808.06,867.84,107.86,600.85,203.92,492.99,5.95,317.44,0.0,0.0,0.0
2025-02-12 07:00:00,"(39.906217, 116.391276)",era5,56.18,8.0,6.32,-19.68,0.14,101733.29,829.1,98.47,506.94,204.6,408.48,5.34,317.71,0.0,0.0,0.0
2025-02-12 08:00:00,"(39.906217, 116.391276)",era5,56.18,8.0,6.35,-19.64,0.14,101747.65,732.35,85.68,359.16,205.62,273.48,4.3,315.62,0.0,0.0,0.0
2025-02-12 09:00:00,"(39.906217, 116.391276)",era5,56.18,8.0,4.71,-14.29,0.24,101777.85,550.99,60.88,181.24,205.64,120.36,2.6,301.68,0.0,0.0,0.0
2025-02-12 10:00:00,"(39.906217, 116.391276)",era5,56.18,8.0,1.72,-18.11,0.21,101816.56,0.0,15.35,28.32,202.35,12.98,2.42,259.72,0.0,0.0,0.0
2025-02-12 11:00:00,"(39.906217, 116.391276)",era5,56.18,8.0,0.14,-17.4,0.25,101880.25,0.0,0.0,0.0,203.1,0.0,2.4,272.11,0.0,0.0,0.0
2025-02-12 12:00:00,"(39.906217, 116.391276)",era5,56.18,8.0,-0.45,-17.41,0.26,101858.3,0.0,0.0,0.0,203.06,0.0,1.85,267.57,0.0,0.0,0.0
2025-02-12 13:00:00,"(39.906217, 116.391276)",era5,56.18,8.0,-0.78,-17.31,0.27,101846.66,0.0,0.0,0.0,203.17,0.0,1.63,241.68,0.0,0.0,0.0
2025-02-12 14:00:00,"(39.906217, 116.391276)",era5,56.18,8.0,-1.14,-17.05,0.29,101843.45,0.0,0.0,0.0,203.07,0.0,1.69,233.37,0.0,0.0,0.0
2025-02-12 15:00:00,"(39.906217, 116.391276)",era5,56.18,8.0,-3.18,-17.02,0.33,101837.2,0.0,0.0,0.0,202.48,0.0,1.69,236.59,0.0,0.0,0.0
2025-02-12 16:00:00,"(39.906217, 116.391276)",era5,56.18,8.0,-3.73,-16.95,0.35,101820.14,0.0,0.0,0.0,201.42,0.0,1.83,247.82,0.0,0.0,0.0
2025-02-12 17:00:00,"(39.906217, 116.391276)",era5,56.18,8.0,-4.42,-17.06,0.37,101786.75,0.0,0.0,0.0,200.59,0.0,1.8,261.26,0.0,0.0,0.0
2025-02-12 18:00:00,"(39.906217, 116.391276)",era5,56.18,8.0,-4.68,-17.12,0.37,101731.02,0.0,0.0,0.0,199.75,0.0,1.88,266.27,0.0,0.0,0.0
2025-02-12 19:00:00,"(39.906217, 116.391276)",era5,56.18,8.0,-5.09,-17.31,0.38,101696.22,0.0,0.0,0.0,197.92,0.0,1.91,262.63,0.0,0.0,0.0
2025-02-12 20:00:00,"(39.906217, 116.391276)",era5,56.18,8.0,-6.48,-17.7,0.41,101619.16,0.0,0.0,0.0,196.77,0.0,1.87,266.05,0.0,0.0,0.0
2025-02-12 21:00:00,"(39.906217, 116.391276)",era5,56.18,8.0,-6.6,-17.9,0.4,101582.65,0.0,0.0,0.0,195.68,0.0,1.89,271.14,0.0,0.0,0.0
2025-02-12 22:00:00,"(39.906217, 116.391276)",era5,56.18,8.0,-6.07,-17.96,0.38,101581.24,0.0,0.0,0.0,194.89,0.0,1.89,299.78,0.0,0.0,0.0
2025-02-12 23:00:00,"(39.906217, 116.391276)",era5,56.18,8.0,-5.46,-17.89,0.37,101609.66,0.0,0.0,0.0,194.26,0.0,2.04,286.07,0.0,0.0,0.0
2025-02-13 00:00:00,"(39.906217, 116.391276)",era5,56.18,8.0,-5.03,-17.87,0.36,101660.23,0.0,17.58,33.9,194.28,16.31,2.07,292.46,0.0,0.0,0.0
2025-02-13 01:00:00,"(39.906217, 116.391276)",era5,56.18,8.0,-2.17,-15.54,0.35,101632.79,567.76,62.95,193.02,196.7,130.07,1.51,294.4,0.0,0.0,0.0
2025-02-13 02:00:00,"(39.906217, 116.391276)",era5,56.18,8.0,5.76,-16.48,0.18,101606.18,743.55,87.05,371.93,200.77,284.88,1.13,292.61,0.0,0.0,0.0
2025-02-13 03:00:00,"(39.906217, 116.391276)",era5,56.18,8.0,6.76,-16.99,0.16,101546.48,832.64,101.01,518.18,206.06,417.17,0.93,259.43,0.0,0.0,0.0
2025-02-13 04:00:00,"(39.906217, 116.391276)",era5,56.18,8.0,7.29,-17.73,0.15,101492.06,875.46,108.62,611.74,210.96,503.11,1.73,242.17,0.0,0.0,0.0
2025-02-13 05:00:00,"(39.906217, 116.391276)",era5,56.18,8.0,11.4,-19.27,0.1,101361.67,887.48,111.04,642.76,214.89,531.72,2.33,243.32,0.0,0.0,0.0
2025-02-13 06:00:00,"(39.906217, 116.391276)",era5,56.18,8.0,11.54,-19.35,0.1,101237.07,873.42,108.37,608.58,217.91,500.21,2.54,239.31,0.0,0.0,0.0
2025-02-13 07:00:00,"(39.906217, 116.391276)",era5,56.18,8.0,11.61,-19.06,0.1,101152.43,827.83,100.55,512.15,220.5,411.59,2.48,229.81,0.0,0.0,0.0
2025-02-13 08:00:00,"(39.906217, 116.391276)",era5,56.18,8.0,10.78,-15.75,0.14,101130.39,735.78,86.26,364.21,221.6,277.95,1.99,199.78,0.0,0.0,0.0
2025-02-13 09:00:00,"(39.906217, 116.391276)",era5,56.18,8.0,9.5,-14.43,0.17,101199.08,555.31,61.68,185.27,220.5,123.59,2.55,185.23,0.0,0.0,0.0
2025-02-13 10:00:00,"(39.906217, 116.391276)",era5,56.18,8.0,3.4,-14.29,0.26,101263.4,0.0,16.11,30.18,217.6,14.07,3.04,199.88,0.0,0.0,0.0
2025-02-13 11:00:00,"(39.906217, 116.391276)",era5,56.18,8.0,3.11,-14.23,0.27,101271.88,0.0,0.0,0.0,216.69,0.0,2.8,220.56,0.0,0.0,0.0
2025-02-13 12:00:00,"(39.906217, 116.391276)",era5,56.18,8.0,2.56,-14.77,0.27,101346.82,0.0,0.0,0.0,215.93,0.0,2.81,228.64,0.0,0.0,0.0
2025-02-13 13:00:00,"(39.906217, 116.391276)",era5,56.18,8.0,2.18,-15.29,0.26,101339.99,0.0,0.0,0.0,215.3,0.0,2.51,235.55,0.0,0.0,0.0
2025-02-13 14:00:00,"(39.906217, 116.391276)",era5,56.18,8.0,1.62,-15.05,0.28,101322.25,0.0,0.0,0.0,214.31,0.0,1.86,245.18,0.0,0.0,0.0
2025-02-13 15:00:00,"(39.906217, 116.391276)",era5,56.18,8.0,-1.62,-14.64,0.36,101349.5,0.0,0.0,0.0,213.02,0.0,1.27,264.34,0.0,0.0,0.0
2025-02-13 16:00:00,"(39.906217, 116.391276)",era5,56.18,8.0,-3.01,-14.62,0.4,101345.26,0.0,0.0,0.0,211.69,0.0,1.37,274.71,0.0,0.0,0.0
2025-02-13 17:00:00,"(39.906217, 116.391276)",era5,56.18,8.0,-3.55,-14.88,0.41,101340.97,0.0,0.0,0.0,210.61,0.0,1.18,302.77,0.0,0.0,0.0
2025-02-13 18:00:00,"(39.906217, 116.391276)",era5,56.18,8.0,-3.11,-15.0,0.39,101332.72,0.0,0.0,0.0,209.6,0.0,1.23,308.02,0.0,0.0,0.0
2025-02-13 19:00:00,"(39.906217, 116.391276)",era5,56.18,8.0,-2.91,-15.87,0.36,101369.83,0.0,0.0,0.0,210.37,0.0,1.17,307.83,0.0,0.0,0.0
2025-02-13 20:00:00,"(39.906217, 116.391276)",era5,56.18,8.0,-4.2,-16.2,0.39,101325.95,0.0,0.0,0.0,209.28,0.0,1.11,312.52,0.0,0.0,0.0
2025-02-13 21:00:00,"(39.906217, 116.391276)",era5,56.18,8.0,-4.73,-16.82,0.38,101289.02,0.0,0.0,0.0,208.01,0.0,1.25,326.1,0.0,0.0,0.0
2025-02-13 22:00:00,"(39.906217, 116.391276)",era5,56.18,8.0,-4.96,-15.17,0.45,101331.31,0.0,0.0,0.0,206.79,0.0,1.7,332.64,0.0,0.0,0.0
2025-02-13 23:00:00,"(39.906217, 116.391276)",era5,56.18,8.0,-4.79,-15.62,0.42,101279.59,0.0,0.0,0.0,205.5,0.0,1.83,332.68,0.0,0.0,0.0
2025-02-14 00:00:00,"(39.906217, 116.391276)",era5,56.18,8.0,-3.68,-14.85,0.42,101346.21,325.29,18.42,35.8,204.66,17.38,2.1,336.07,0.0,0.0,0.0
2025-02-14 01:00:00,"(39.906217, 116.391276)",era5,56.18,8.0,-1.12,-13.12,0.4,101374.24,566.86,63.65,195.95,206.55,132.3,1.52,334.39,0.0,0.0,0.0
2025-02-14 02:00:00,"(39.906217, 116.391276)",era5,56.18,8.0,7.01,-14.45,0.2,101322.31,740.41,87.7,374.71,210.23,287.01,0.78,344.13,0.0,0.0,0.0
2025-02-14 03:00:00,"(39.906217, 116.391276)",era5,56.18,8.0,7.61,-14.29,0.19,101267.13,829.32,101.59,520.93,214.9,419.35,0.22,37.78,0.0,0.0,0.0
2025-02-14 04:00:00,"(39.906217, 116.391276)",era5,56.18,8.0,7.78,-14.26,0.19,101151.4,872.64,109.28,614.89,218.99,505.61,0.5,145.01,0.0,0.0,0.0
2025-02-14 05:00:00,"(39.906217, 116.391276)",era5,56.18,8.0,12.42,-15.14,0.13,101017.69,885.45,111.63,646.32,222.47,534.68,0.99,162.14,0.0,0.0,0.0
2025-02-14 06:00:00,"(39.906217, 116.391276)",era5,56.18,8.0,12.46,-15.11,0.13,100931.14,872.27,108.75,612.37,224.93,503.62,2.07,176.25,0.11,0.0,0.0
2025-02-14 07:00:00,"(39.906217, 116.391276)",era5,56.18,8.0,12.29,-14.69,0.14,100825.3,828.1,100.37,515.85,227.13,415.48,2.76,169.69,0.74,0.0,0.0
2025-02-14 08:00:00,"(39.906217, 116.391276)",era5,56.18,8.0,10.89,-13.17,0.17,100802.95,713.11,91.81,364.29,228.98,272.48,2.82,177.0,0.97,0.0,0.0
2025-02-14 09:00:00,"(39.906217, 116.391276)",era5,56.18,8.0,10.22,-10.65,0.22,100806.61,425.31,78.79,175.19,233.22,96.4,2.46,179.77,1.0,0.0,0.0
2025-02-14 10:00:00,"(39.906217, 116.391276)",era5,56.18,8.0,3.52,-11.38,0.33,100845.58,0.0,22.19,27.85,234.93,5.66,2.91,202.76,0.99,0.0,0.0
2025-02-14 11:00:00,"(39.906217, 116.391276)",era5,56.18,8.0,3.69,-11.36,0.32,100841.7,0.0,0.0,0.0,240.0,0.0,2.72,218.35,1.0,0.0,0.0
2025-02-14 12:00:00,"(39.906217, 116.391276)",era5,56.18,8.0,3.53,-10.75,0.34,100829.92,0.0,0.0,0.0,241.54,0.0,2.43,224.95,0.98,0.0,0.0
2025-02-14 13:00:00,"(39.906217, 116.391276)",era5,56.18,8.0,2.99,-9.9,0.38,100804.97,0.0,0.0,0.0,241.14,0.0,1.91,229.34,0.98,0.0,0.0
2025-02-14 14:00:00,"(39.906217, 116.391276)",era5,56.18,8.0,1.45,-9.47,0.44,100738.08,0.0,0.0,0.0,237.49,0.0,1.53,234.77,0.99,0.0,0.0
2025-02-14 15:00:00,"(39.906217, 116.391276)",era5,56.18,8.0,-1.11,-10.3,0.5,100773.79,0.0,0.0,0.0,227.14,0.0,1.25,232.56,0.98,0.0,0.0
2025-02-14 16:00:00,"(39.906217, 116.391276)",era5,56.18,8.0,-1.78,-10.29,0.52,100761.0,0.0,0.0,0.0,221.47,0.0,1.21,239.7,0.85,0.0,0.0
2025-02-14 17:00:00,"(39.906217, 116.391276)",era5,56.18,8.0,-3.33,-10.53,0.58,100773.57,0.0,0.0,0.0,218.58,0.0,1.09,252.27,0.1,0.0,0.0
2025-02-14 18:00:00,"(39.906217, 116.391276)",era5,56.18,8.0,-3.83,-10.47,0.6,100713.94,0.0,0.0,0.0,217.5,0.0,1.15,266.21,0.0,0.0,0.0
2025-02-14 19:00:00,"(39.906217, 116.391276)",era5,56.18,8.0,-4.04,-10.65,0.6,100662.15,0.0,0.0,0.0,217.01,0.0,0.89,295.44,0.0,0.0,0.0
2025-02-14 20:00:00,"(39.906217, 116.391276)",era5,56.18,8.0,-4.84,-11.1,0.62,100586.65,0.0,0.0,0.0,215.97,0.0,0.85,319.8,0.0,0.0,0.0
2025-02-14 21:00:00,"(39.906217, 116.391276)",era5,56.18,8.0,-4.63,-11.41,0.59,100551.22,0.0,0.0,0.0,214.43,0.0,1.01,327.73,0.0,0.0,0.0
2025-02-14 22:00:00,"(39.906217, 116.391276)",era5,56.18,8.0,-4.61,-12.36,0.55,100556.01,0.0,0.0,0.0,213.1,0.0,1.7,340.59,0.0,0.0,0.0
2025-02-14 23:00:00,"(39.906217, 116.391276)",era5,56.18,8.0,-4.65,-13.11,0.52,100601.58,0.0,0.0,0.0,212.11,0.0,1.81,329.04,0.0,0.0,0.0
2025-02-15 00:00:00,"(39.906217, 116.391276)",era5,56.18,8.0,-3.52,-13.74,0.45,100627.7,321.0,19.24,37.72,211.92,18.48,2.19,322.9,0.0,0.0,0.0
2025-02-15 01:00:00,"(39.906217, 116.391276)",era5,56.18,8.0,0.76,-11.34,0.4,100646.66,564.03,63.94,198.04,214.53,134.11,1.93,311.1,0.0,0.0,0.0
2025-02-15 02:00:00,"(39.906217, 116.391276)",era5,56.18,8.0,9.3,-13.36,0.19,100636.82,735.35,87.44,375.84,219.57,288.4,1.73,306.7,0.0,0.0,0.0
2025-02-15 03:00:00,"(39.906217, 116.391276)",era5,56.18,8.0,10.84,-14.8,0.15,100614.11,821.95,101.2,520.68,226.24,419.48,3.03,310.61,0.0,0.0,0.0
2025-02-15 04:00:00,"(39.906217, 116.391276)",era5,56.18,8.0,11.07,-15.15,0.14,100532.81,862.43,108.76,612.56,231.97,503.8,3.82,314.89,0.0,0.0,0.0
2025-02-15 05:00:00,"(39.906217, 116.391276)",era5,56.18,8.0,14.06,-16.73,0.1,100463.87,872.83,111.09,642.3,235.63,531.21,3.63,311.94,0.0,0.0,0.0
2025-02-15 06:00:00,"(39.906217, 116.391276)",era5,56.18,8.0,14.1,-16.05,0.11,100419.97,857.32,108.45,607.44,238.31,499.0,3.39,299.53,0.0,0.0,0.0
2025-02-15 07:00:00,"(39.906217, 116.391276)",era5,56.18,8.0,14.24,-16.06,0.11,100387.36,813.69,100.37,512.32,239.0,411.94,3.16,289.28,0.0,0.0,0.0
2025-02-15 08:00:00,"(39.906217, 116.391276)",era5,56.18,8.0,13.32,-12.99,0.15,100401.51,723.14,86.38,365.84,240.05,279.46,1.91,287.83,0.0,0.0,0.0
2025-02-15 09:00:00,"(39.906217, 116.391276)",era5,56.18,8.0,11.41,-8.67,0.24,100455.38,547.59,62.39,188.77,238.82,126.37,2.39,254.69,0.0,0.0,0.0
2025-02-15 10:00:00,"(39.906217, 116.391276)",era5,56.18,8.0,8.36,-13.21,0.2,100514.97,0.0,17.43,33.09,234.89,15.67,2.66,247.79,0.17,0.0,0.0
2025-02-15 11:00:00,"(39.906217, 116.391276)",era5,56.18,8.0,6.0,-12.67,0.25,100579.67,0.0,0.0,0.0,233.57,0.0,2.55,263.86,0.35,0.0,0.0
2025-02-15 12:00:00,"(39.906217, 116.391276)",era5,56.18,8.0,4.63,-12.22,0.28,100684.91,0.0,0.0,0.0,233.15,0.0,2.42,281.36,0.3,0.0,0.0
2025-02-15 13:00:00,"(39.906217, 116.391276)",era5,56.18,8.0,4.6,-13.41,0.26,100777.74,0.0,0.0,0.0,231.9,0.0,3.17,305.32,0.17,0.0,0.0
2025-02-15 14:00:00,"(39.906217, 116.391276)",era5,56.18,8.0,6.09,-14.58,0.21,100936.93,0.0,0.0,0.0,232.64,0.0,4.22,323.85,0.06,0.0,0.0
2025-02-15 15:00:00,"(39.906217, 116.391276)",era5,56.18,8.0,4.36,-13.17,0.27,101044.19,0.0,0.0,0.0,227.99,0.0,3.98,328.16,0.01,0.0,0.0
2025-02-15 16:00:00,"(39.906217, 116.391276)",era5,56.18,8.0,4.37,-13.19,0.27,101141.94,0.0,0.0,0.0,225.9,0.0,3.74,327.89,0.0,0.0,0.0
2025-02-15 17:00:00,"(39.906217, 116.391276)",era5,56.18,8.0,4.21,-13.09,0.27,101251.82,0.0,0.0,0.0,224.85,0.0,3.72,330.68,0.13,0.0,0.0
2025-02-15 18:00:00,"(39.906217, 116.391276)",era5,56.18,8.0,4.26,-12.59,0.28,101329.11,0.0,0.0,0.0,223.94,0.0,3.68,334.93,0.0,0.0,0.0
2025-02-15 19:00:00,"(39.906217, 116.391276)",era5,56.18,8.0,3.97,-11.66,0.31,101420.15,0.0,0.0,0.0,222.25,0.0,3.67,339.58,0.0,0.0,0.0
2025-02-15 20:00:00,"(39.906217, 116.391276)",era5,56.18,8.0,2.66,-11.31,0.35,101472.15,0.0,0.0,0.0,219.76,0.0,3.64,343.5,0.0,0.0,0.0
2025-02-15 21:00:00,"(39.906217, 116.391276)",era5,56.18,8.0,2.55,-10.73,0.37,101563.34,0.0,0.0,0.0,216.5,0.0,3.27,345.27,0.0,0.0,0.0
2025-02-15 22:00:00,"(39.906217, 116.391276)",era5,56.18,8.0,0.93,-11.26,0.4,101597.66,0.0,0.0,0.0,212.68,0.0,2.77,342.53,0.0,0.0,0.0
2025-02-15 23:00:00,"(39.906217, 116.391276)",era5,56.18,8.0,0.62,-11.32,0.4,101706.4,0.0,0.0,0.0,208.22,0.0,2.7,341.63,0.0,0.0,0.0
2025-02-16 00:00:00,"(39.906217, 116.391276)",era5,56.18,8.0,0.98,-11.03,0.4,101839.59,319.67,20.12,39.86,204.95,19.75,3.1,339.13,0.0,0.0,0.0
2025-02-16 01:00:00,"(39.906217, 116.391276)",era5,56.18,8.0,1.88,-10.64,0.39,101945.53,568.06,65.26,202.84,204.95,137.58,3.43,340.61,0.0,0.0,0.0
2025-02-16 02:00:00,"(39.906217, 116.391276)",era5,56.18,8.0,6.12,-14.45,0.21,101977.51,739.15,88.99,382.29,206.35,293.3,4.73,340.08,0.0,0.0,0.0
2025-02-16 03:00:00,"(39.906217, 116.391276)",era5,56.18,8.0,6.31,-14.45,0.21,102001.64,826.73,102.97,528.8,207.75,425.83,4.6,339.01,0.0,0.0,0.0
2025-02-16 04:00:00,"(39.906217, 116.391276)",era5,56.18,8.0,6.4,-14.66,0.2,101980.28,869.27,110.64,622.6,209.63,511.96,4.46,334.21,0.0,0.0,0.0
2025-02-16 05:00:00,"(39.906217, 116.391276)",era5,56.18,8.0,7.97,-17.25,0.15,101905.15,881.24,112.99,653.52,211.77,540.54,4.4,327.69,0.01,0.0,0.0
2025-02-16 06:00:00,"(39.906217, 116.391276)",era5,56.18,8.0,8.1,-17.39,0.15,101838.39,861.37,112.54,617.94,214.4,505.4,5.2,321.8,0.49,0.0,0.0
2025-02-16 07:00:00,"(39.906217, 116.391276)",era5,56.18,8.0,8.51,-17.9,0.14,101770.18,746.36,125.5,506.75,225.65,381.25,5.41,320.52,0.85,0.0,0.0
2025-02-16 08:00:00,"(39.906217, 116.391276)",era5,56.18,8.0,8.64,-17.13,0.14,101702.52,609.47,116.71,354.89,226.46,238.18,4.52,323.99,0.41,0.0,0.0
2025-02-16 09:00:00,"(39.906217, 116.391276)",era5,56.18,8.0,7.63,-11.78,0.24,101701.62,478.93,72.65,185.15,229.21,112.5,1.79,342.71,0.03,0.0,0.0
2025-02-16 10:00:00,"(39.906217, 116.391276)",era5,56.18,8.0,2.27,-15.85,0.25,101772.41,318.87,18.49,35.62,216.85,17.13,2.64,336.07,0.0,0.0,0.0
2025-02-16 11:00:00,"(39.906217, 116.391276)",era5,56.18,8.0,3.86,-16.82,0.2,101911.47,0.0,0.0,0.0,215.33,0.0,2.9,333.87,0.0,0.0,0.0
2025-02-16 12:00:00,"(39.906217, 116.391276)",era5,56.18,8.0,3.92,-18.08,0.18,101990.49,0.0,0.0,0.0,213.55,0.0,2.89,338.17,0.0,0.0,0.0
2025-02-16 13:00:00,"(39.906217, 116.391276)",era5,56.18,8.0,3.21,-18.05,0.19,102032.86,0.0,0.0,0.0,209.57,0.0,2.73,347.74,0.0,0.0,0.0
2025-02-16 14:00:00,"(39.906217, 116.391276)",era5,56.18,8.0,1.83,-17.76,0.22,102121.56,0.0,0.0,0.0,204.63,0.0,2.78,354.41,0.0,0.0,0.0
2025-02-16 15:00:00,"(39.906217, 116.391276)",era5,56.18,8.0,-0.31,-16.93,0.27,102193.93,0.0,0.0,0.0,201.36,0.0,2.78,0.86,0.0,0.0,0.0
2025-02-16 16:00:00,"(39.906217, 116.391276)",era5,56.18,8.0,-0.61,-16.98,0.28,102303.08,0.0,0.0,0.0,199.18,0.0,2.66,359.27,0.0,0.0,0.0
2025-02-16 17:00:00,"(39.906217, 116.391276)",era5,56.18,8.0,-2.15,-17.87,0.29,102398.17,0.0,0.0,0.0,197.85,0.0,2.89,6.88,0.0,0.0,0.0
2025-02-16 18:00:00,"(39.906217, 116.391276)",era5,56.18,8.0,-1.84,-18.27,0.27,102459.48,0.0,0.0,0.0,196.8,0.0,3.18,14.22,0.0,0.0,0.0
2025-02-16 19:00:00,"(39.906217, 116.391276)",era5,56.18,8.0,-1.48,-18.48,0.26,102505.35,0.0,0.0,0.0,199.55,0.0,3.42,20.66,0.0,0.0,0.0
2025-02-16 20:00:00,"(39.906217, 116.391276)",era5,56.18,8.0,-2.75,-19.5,0.26,102554.19,0.0,0.0,0.0,197.93,0.0,3.41,26.1,0.01,0.0,0.0
2025-02-16 21:00:00,"(39.906217, 116.391276)",era5,56.18,8.0,-2.97,-19.66,0.26,102551.14,0.0,0.0,0.0,196.12,0.0,3.47,31.0,0.03,0.0,0.0
2025-02-16 22:00:00,"(39.906217, 116.391276)",era5,56.18,8.0,-3.01,-21.37,0.23,102594.44,0.0,0.0,0.0,194.75,0.0,3.37,28.17,0.13,0.0,0.0
2025-02-16 23:00:00,"(39.906217, 116.391276)",era5,56.18,8.0,-3.22,-21.43,0.23,102709.14,0.0,0.0,0.0,193.89,0.0,3.09,28.33,0.04,0.0,0.0
2025-02-17 00:00:00,"(39.906217, 116.391276)",era5,56.18,8.0,-2.6,-19.77,0.25,102776.56,305.5,21.88,42.06,193.07,20.18,3.41,28.82,0.0,0.0,0.0
2025-02-17 01:00:00,"(39.906217, 116.391276)",era5,56.18,8.0,-1.5,-19.08,0.25,102765.09,575.17,66.33,208.22,194.6,141.89,3.98,28.71,0.0,0.0,0.0
2025-02-17 02:00:00,"(39.906217, 116.391276)",era5,56.18,8.0,2.81,-21.72,0.14,102802.43,741.38,89.96,387.61,197.19,297.65,4.05,27.26,0.0,0.0,0.0
2025-02-17 03:00:00,"(39.906217, 116.391276)",era5,56.18,8.0,2.85,-21.05,0.15,102774.0,826.05,103.89,533.32,199.92,429.43,3.57,33.04,0.0,0.0,0.0
2025-02-17 04:00:00,"(39.906217, 116.391276)",era5,56.18,8.0,2.63,-20.69,0.16,102696.91,866.46,111.58,626.06,202.89,514.48,2.79,43.37,0.06,0.0,0.0
2025-02-17 05:00:00,"(39.906217, 116.391276)",era5,56.18,8.0,4.81,-20.38,0.14,102551.92,877.41,114.01,656.41,205.7,542.4,1.94,59.21,0.02,0.0,0.0
2025-02-17 06:00:00,"(39.906217, 116.391276)",era5,56.18,8.0,4.86,-20.04,0.15,102428.83,863.56,111.06,621.8,208.05,510.74,1.38,92.95,0.0,0.0,0.0
2025-02-17 07:00:00,"(39.906217, 116.391276)",era5,56.18,8.0,4.62,-19.96,0.15,102300.66,820.23,103.13,525.85,208.26,422.72,1.6,131.06,0.0,0.0,0.0
2025-02-17 08:00:00,"(39.906217, 116.391276)",era5,56.18,8.0,4.53,-19.18,0.16,102268.32,731.32,88.88,377.86,208.88,288.98,2.24,149.38,0.0,0.0,0.0
2025-02-17 09:00:00,"(39.906217, 116.391276)",era5,56.18,8.0,4.46,-20.0,0.15,102268.46,559.44,64.65,198.35,208.71,133.71,2.05,162.32,0.0,0.0,0.0
2025-02-17 10:00:00,"(39.906217, 116.391276)",era5,56.18,8.0,-2.07,-17.11,0.31,102266.04,318.44,19.23,37.56,206.49,18.33,2.69,183.92,0.0,0.0,0.0
2025-02-17 11:00:00,"(39.906217, 116.391276)",era5,56.18,8.0,-2.43,-17.05,0.32,102334.56,0.0,0.0,0.0,205.64,0.0,2.62,207.58,0.0,0.0,0.0
2025-02-17 12:00:00,"(39.906217, 116.391276)",era5,56.18,8.0,-2.09,-17.44,0.3,102352.49,0.0,0.0,0.0,205.26,0.0,2.37,216.32,0.0,0.0,0.0
2025-02-17 13:00:00,"(39.906217, 116.391276)",era5,56.18,8.0,-0.99,-18.44,0.25,102321.25,0.0,0.0,0.0,205.17,0.0,1.96,222.05,0.0,0.0,0.0
2025-02-17 14:00:00,"(39.906217, 116.391276)",era5,56.18,8.0,-1.64,-17.91,0.28,102328.83,0.0,0.0,0.0,205.67,0.0,1.33,237.6,0.0,0.0,0.0
2025-02-17 15:00:00,"(39.906217, 116.391276)",era5,56.18,8.0,-3.74,-17.32,0.34,102328.19,0.0,0.0,0.0,206.1,0.0,1.13,222.24,0.0,0.0,0.0
2025-02-17 16:00:00,"(39.906217, 116.391276)",era5,56.18,8.0,-3.86,-16.76,0.36,102336.13,0.0,0.0,0.0,206.25,0.0,0.53,170.03,0.0,0.0,0.0
2025-02-17 17:00:00,"(39.906217, 116.391276)",era5,56.18,8.0,-4.51,-16.46,0.39,102335.0,0.0,0.0,0.0,205.98,0.0,0.73,102.98,0.0,0.0,0.0
2025-02-17 18:00:00,"(39.906217, 116.391276)",era5,56.18,8.0,-4.72,-16.45,0.39,102332.59,0.0,0.0,0.0,205.57,0.0,0.74,73.15,0.0,0.0,0.0
2025-02-17 19:00:00,"(39.906217, 116.391276)",era5,56.18,8.0,-5.06,-16.27,0.41,102345.05,0.0,0.0,0.0,205.38,0.0,0.75,29.99,0.12,0.0,0.0
2025-02-17 20:00:00,"(39.906217, 116.391276)",era5,56.18,8.0,-6.75,-15.94,0.48,102308.68,0.0,0.0,0.0,206.15,0.0,0.82,19.37,0.34,0.0,0.0
2025-02-17 21:00:00,"(39.906217, 116.391276)",era5,56.18,8.0,-6.85,-15.92,0.48,102337.72,0.0,0.0,0.0,206.64,0.0,1.08,21.78,0.37,0.0,0.0
2025-02-17 22:00:00,"(39.906217, 116.391276)",era5,56.18,8.0,-6.28,-15.56,0.48,102321.69,0.0,0.0,0.0,207.08,0.0,1.29,345.28,0.28,0.0,0.0
2025-02-17 23:00:00,"(39.906217, 116.391276)",era5,56.18,8.0,-6.29,-15.69,0.47,102422.36,0.0,0.0,0.0,206.29,0.0,1.52,351.08,0.27,0.0,0.0
2025-02-18 00:00:00,"(39.906217, 116.391276)",era5,56.18,8.0,-4.94,-14.71,0.46,102484.33,285.93,22.73,42.86,207.56,20.13,1.67,357.5,0.11,0.0,0.0
2025-02-18 01:00:00,"(39.906217, 116.391276)",era5,56.18,8.0,-2.8,-14.08,0.42,102509.95,519.02,73.17,203.58,205.81,130.41,1.41,12.03,0.01,0.0,0.0
2025-02-18 02:00:00,"(39.906217, 116.391276)",era5,56.18,8.0,3.9,-15.98,0.22,102540.47,710.97,93.34,382.14,208.47,288.8,2.6,36.45,0.0,0.0,0.0
2025-02-18 03:00:00,"(39.906217, 116.391276)",era5,56.18,8.0,4.21,-15.16,0.23,102518.77,816.81,104.18,532.75,210.14,428.57,3.07,49.5,0.0,0.0,0.0
2025-02-18 04:00:00,"(39.906217, 116.391276)",era5,56.18,8.0,4.36,-14.85,0.23,102458.22,860.27,111.83,626.81,211.93,514.98,2.57,53.46,0.0,0.0,0.0
2025-02-18 05:00:00,"(39.906217, 116.391276)",era5,56.18,8.0,6.29,-17.01,0.17,102388.92,873.25,114.35,658.39,213.55,544.04,2.07,46.61,0.0,0.0,0.0
2025-02-18 06:00:00,"(39.906217, 116.391276)",era5,56.18,8.0,6.63,-17.37,0.16,102288.07,860.24,111.75,624.58,214.77,512.83,1.75,35.76,0.0,0.0,0.0
2025-02-18 07:00:00,"(39.906217, 116.391276)",era5,56.18,8.0,6.92,-18.21,0.15,102248.26,817.79,103.85,529.03,215.58,425.18,1.29,31.52,0.0,0.0,0.0
2025-02-18 08:00:00,"(39.906217, 116.391276)",era5,56.18,8.0,6.66,-18.89,0.14,102208.09,731.11,89.71,381.78,215.18,292.08,1.2,45.24,0.0,0.0,0.0
2025-02-18 09:00:00,"(39.906217, 116.391276)",era5,56.18,8.0,6.17,-19.87,0.13,102263.1,563.68,65.71,202.74,212.88,137.03,1.6,95.53,0.0,0.0,0.0
2025-02-18 10:00:00,"(39.906217, 116.391276)",era5,56.18,8.0,2.1,-14.83,0.27,102310.23,321.65,20.23,39.98,208.15,19.75,0.71,182.9,0.0,0.0,0.0
2025-02-18 11:00:00,"(39.906217, 116.391276)",era5,56.18,8.0,1.04,-15.6,0.28,102441.53,0.0,0.0,0.0,205.36,0.0,1.2,291.59,0.0,0.0,0.0
2025-02-18 12:00:00,"(39.906217, 116.391276)",era5,56.18,8.0,-0.01,-17.21,0.26,102518.08,0.0,0.0,0.0,203.96,0.0,1.86,344.1,0.0,0.0,0.0
2025-02-18 13:00:00,"(39.906217, 116.391276)",era5,56.18,8.0,0.87,-20.28,0.19,102604.16,0.0,0.0,0.0,203.94,0.0,2.87,6.09,0.0,0.0,0.0
2025-02-18 14:00:00,"(39.906217, 116.391276)",era5,56.18,8.0,0.7,-21.26,0.18,102663.51,0.0,0.0,0.0,202.27,0.0,3.32,20.86,0.0,0.0,0.0
2025-02-18 15:00:00,"(39.906217, 116.391276)",era5,56.18,8.0,-2.47,-18.9,0.27,102730.46,0.0,0.0,0.0,199.5,0.0,3.26,27.0,0.0,0.0,0.0
2025-02-18 16:00:00,"(39.906217, 116.391276)",era5,56.18,8.0,-3.33,-18.17,0.31,102755.17,0.0,0.0,0.0,196.88,0.0,2.82,27.9,0.0,0.0,0.0
2025-02-18 17:00:00,"(39.906217, 116.391276)",era5,56.18,8.0,-4.6,-18.04,0.34,102777.19,0.0,0.0,0.0,195.94,0.0,2.41,25.49,0.0,0.0,0.0
2025-02-18 18:00:00,"(39.906217, 116.391276)",era5,56.18,8.0,-4.63,-18.64,0.33,102779.26,0.0,0.0,0.0,195.82,0.0,1.92,22.15,0.0,0.0,0.0
2025-02-18 19:00:00,"(39.906217, 116.391276)",era5,56.18,8.0,-4.86,-18.4,0.34,102749.75,0.0,0.0,0.0,196.6,0.0,1.68,26.72,0.02,0.0,0.0
2025-02-18 20:00:00,"(39.906217, 116.391276)",era5,56.18,8.0,-5.19,-18.2,0.35,102747.13,0.0,0.0,0.0,196.75,0.0,0.75,38.47,0.13,0.0,0.0
2025-02-18 21:00:00,"(39.906217, 116.391276)",era5,56.18,8.0,-5.36,-18.18,0.36,102796.15,0.0,0.0,0.0,196.65,0.0,0.53,249.39,0.57,0.0,0.0
2025-02-18 22:00:00,"(39.906217, 116.391276)",era5,56.18,8.0,-4.56,-16.5,0.39,102788.68,0.0,0.0,0.0,198.84,0.0,1.05,254.9,0.79,0.0,0.0
2025-02-18 23:00:00,"(39.906217, 116.391276)",era5,56.18,8.0,-4.51,-16.23,0.4,102858.15,0.0,0.0,0.0,200.42,0.0,1.01,292.76,0.9,0.0,0.0
2025-02-19 00:00:00,"(39.906217, 116.391276)",era5,56.18,8.0,-4.46,-15.06,0.43,102861.6,256.09,26.05,45.21,203.43,19.16,0.91,312.34,0.73,0.0,0.0
2025-02-19 01:00:00,"(39.906217, 116.391276)",era5,56.18,8.0,-3.14,-15.88,0.37,102897.5,444.32,85.86,199.56,212.09,113.69,0.46,335.44,0.55,0.0,0.0
2025-02-19 02:00:00,"(39.906217, 116.391276)",era5,56.18,8.0,3.57,-15.68,0.23,102849.22,580.74,126.55,365.22,213.92,238.67,0.83,24.68,0.3,0.0,0.0
2025-02-19 03:00:00,"(39.906217, 116.391276)",era5,56.18,8.0,4.02,-15.55,0.22,102818.88,715.63,138.02,516.98,215.58,378.96,1.06,12.56,0.34,0.0,0.0
2025-02-19 04:00:00,"(39.906217, 116.391276)",era5,56.18,8.0,4.18,-15.25,0.23,102739.55,783.81,140.23,613.26,217.27,473.03,1.26,3.15,0.09,0.0,0.0
2025-02-19 05:00:00,"(39.906217, 116.391276)",era5,56.18,8.0,6.18,-17.26,0.17,102622.11,867.32,116.75,661.29,213.29,544.54,1.03,2.95,0.01,0.0,0.0
2025-02-19 06:00:00,"(39.906217, 116.391276)",era5,56.18,8.0,6.23,-16.96,0.17,102510.73,839.82,118.7,623.33,217.37,504.63,0.55,5.98,0.17,0.0,0.0
2025-02-19 07:00:00,"(39.906217, 116.391276)",era5,56.18,8.0,6.42,-16.94,0.17,102440.81,784.85,112.54,524.17,217.92,411.64,0.42,103.62,0.09,0.0,0.0
2025-02-19 08:00:00,"(39.906217, 116.391276)",era5,56.18,8.0,6.12,-16.82,0.17,102415.84,675.09,101.36,373.99,219.42,272.63,1.06,139.82,0.02,0.0,0.0
2025-02-19 09:00:00,"(39.906217, 116.391276)",era5,56.18,8.0,4.92,-13.43,0.25,102431.04,483.79,75.32,194.92,221.93,119.6,2.14,146.34,0.02,0.0,0.0
2025-02-19 10:00:00,"(39.906217, 116.391276)",era5,56.18,8.0,0.29,-14.03,0.33,102469.72,238.61,22.02,37.59,221.7,15.57,2.69,171.05,0.07,0.0,0.0
2025-02-19 11:00:00,"(39.906217, 116.391276)",era5,56.18,8.0,-1.03,-14.16,0.36,102533.58,0.0,0.0,0.0,215.45,0.0,2.49,186.2,0.01,0.0,0.0
2025-02-19 12:00:00,"(39.906217, 116.391276)",era5,56.18,8.0,-1.84,-13.44,0.41,102562.28,0.0,0.0,0.0,212.91,0.0,2.09,192.36,0.0,0.0,0.0
2025-02-19 13:00:00,"(39.906217, 116.391276)",era5,56.18,8.0,-1.72,-13.25,0.41,102625.75,0.0,0.0,0.0,210.45,0.0,0.98,216.45,0.01,0.0,0.0
2025-02-19 14:00:00,"(39.906217, 116.391276)",era5,56.18,8.0,-1.84,-13.28,0.41,102657.1,0.0,0.0,0.0,208.53,0.0,1.24,336.87,0.26,0.0,0.0
2025-02-19 15:00:00,"(39.906217, 116.391276)",era5,56.18,8.0,-4.11,-14.73,0.43,102721.49,0.0,0.0,0.0,211.19,0.0,2.14,17.37,0.43,0.0,0.0
2025-02-19 16:00:00,"(39.906217, 116.391276)",era5,56.18,8.0,-3.34,-15.86,0.37,102754.31,0.0,0.0,0.0,209.73,0.0,2.74,26.91,0.71,0.0,0.0
2025-02-19 17:00:00,"(39.906217, 116.391276)",era5,56.18,8.0,-3.77,-17.37,0.34,102787.13,0.0,0.0,0.0,212.98,0.0,2.98,33.22,0.43,0.0,0.0
2025-02-19 18:00:00,"(39.906217, 116.391276)",era5,56.18,8.0,-3.53,-18.31,0.31,102826.37,0.0,0.0,0.0,203.39,0.0,2.74,29.85,0.1,0.0,0.0
2025-02-19 19:00:00,"(39.906217, 116.391276)",era5,56.18,8.0,-3.72,-17.55,0.33,102831.64,0.0,0.0,0.0,204.42,0.0,2.14,22.26,0.01,0.0,0.0
2025-02-19 20:00:00,"(39.906217, 116.391276)",era5,56.18,8.0,-4.56,-16.59,0.38,102833.38,0.0,0.0,0.0,198.61,0.0,1.96,18.96,0.0,0.0,0.0
2025-02-19 21:00:00,"(39.906217, 116.391276)",era5,56.18,8.0,-3.97,-16.8,0.36,102835.33,0.0,0.0,0.0,197.18,0.0,1.78,26.97,0.0,0.0,0.0
2025-02-19 22:00:00,"(39.906217, 116.391276)",era5,56.18,8.0,-4.33,-17.68,0.35,102860.07,0.0,0.0,0.0,196.23,0.0,1.77,63.48,0.0,0.0,0.0
2025-02-19 23:00:00,"(39.906217, 116.391276)",era5,56.18,8.0,-4.26,-17.55,0.35,102949.52,0.0,0.0,0.0,195.1,0.0,1.76,54.25,0.0,0.0,0.0
2025-02-20 00:00:00,"(39.906217, 116.391276)",era5,56.18,8.0,-3.9,-16.06,0.38,102956.8,330.39,24.35,50.56,194.77,26.21,1.41,38.6,0.0,0.0,0.0
2025-02-20 01:00:00,"(39.906217, 116.391276)",era5,56.18,8.0,-2.35,-15.98,0.34,103003.62,582.58,69.17,220.97,196.59,151.8,1.33,62.9,0.0,0.0,0.0
2025-02-20 02:00:00,"(39.906217, 116.391276)",era5,56.18,8.0,2.53,-17.32,0.22,102967.75,745.51,92.34,402.32,198.78,309.98,1.27,76.13,0.0,0.0,0.0
2025-02-20 03:00:00,"(39.906217, 116.391276)",era5,56.18,8.0,2.7,-16.07,0.24,102923.74,830.24,106.07,549.79,201.02,443.72,0.91,72.45,0.0,0.0,0.0
2025-02-20 04:00:00,"(39.906217, 116.391276)",era5,56.18,8.0,2.86,-15.46,0.25,102875.11,870.8,113.9,643.72,203.22,529.81,0.41,7.13,0.0,0.0,0.0
2025-02-20 05:00:00,"(39.906217, 116.391276)",era5,56.18,8.0,5.18,-16.69,0.19,102771.93,882.15,116.4,674.53,205.06,558.13,0.83,323.72,0.02,0.0,0.0
2025-02-20 06:00:00,"(39.906217, 116.391276)",era5,56.18,8.0,5.55,-16.86,0.18,102658.68,868.18,113.64,639.42,206.62,525.78,1.32,323.06,0.03,0.0,0.0
2025-02-20 07:00:00,"(39.906217, 116.391276)",era5,56.18,8.0,5.79,-17.32,0.17,102573.85,797.14,114.38,536.09,213.37,421.71,1.25,338.24,0.0,0.0,0.0
2025-02-20 08:00:00,"(39.906217, 116.391276)",era5,56.18,8.0,5.48,-17.67,0.17,102549.33,720.69,95.56,389.73,211.19,294.17,1.18,353.39,0.0,0.0,0.0
2025-02-20 09:00:00,"(39.906217, 116.391276)",era5,56.18,8.0,4.62,-13.1,0.26,102534.67,573.92,67.53,211.76,208.34,144.23,0.87,80.08,0.0,0.0,0.0
2025-02-20 10:00:00,"(39.906217, 116.391276)",era5,56.18,8.0,0.96,-14.18,0.31,102592.47,326.21,22.13,44.67,204.96,22.54,0.61,196.14,0.0,0.0,0.0
2025-02-20 11:00:00,"(39.906217, 116.391276)",era5,56.18,8.0,-0.1,-13.93,0.34,102661.76,0.0,0.0,0.0,202.65,0.0,1.42,228.16,0.0,0.0,0.0
2025-02-20 12:00:00,"(39.906217, 116.391276)",era5,56.18,8.0,0.3,-13.99,0.33,102726.89,0.0,0.0,0.0,201.31,0.0,1.41,249.05,0.0,0.0,0.0
2025-02-20 13:00:00,"(39.906217, 116.391276)",era5,56.18,8.0,-0.69,-13.7,0.37,102786.64,0.0,0.0,0.0,200.57,0.0,1.42,276.58,0.0,0.0,0.0
2025-02-20 14:00:00,"(39.906217, 116.391276)",era5,56.18,8.0,-0.9,-14.03,0.36,102812.49,0.0,0.0,0.0,200.22,0.0,1.61,339.32,0.0,0.0,0.0
2025-02-20 15:00:00,"(39.906217, 116.391276)",era5,56.18,8.0,-4.4,-15.4,0.42,102849.42,0.0,0.0,0.0,200.37,0.0,2.31,18.89,0.0,0.0,0.0
2025-02-20 16:00:00,"(39.906217, 116.391276)",era5,56.18,8.0,-3.64,-16.29,0.37,102868.34,0.0,0.0,0.0,199.86,0.0,2.58,32.98,0.0,0.0,0.0
2025-02-20 17:00:00,"(39.906217, 116.391276)",era5,56.18,8.0,-4.63,-17.47,0.36,102863.49,0.0,0.0,0.0,198.14,0.0,2.55,41.96,0.0,0.0,0.0
2025-02-20 18:00:00,"(39.906217, 116.391276)",era5,56.18,8.0,-4.16,-17.85,0.34,102873.13,0.0,0.0,0.0,194.95,0.0,2.46,46.31,0.02,0.0,0.0
2025-02-20 19:00:00,"(39.906217, 116.391276)",era5,56.18,8.0,-4.42,-18.04,0.34,102840.63,0.0,0.0,0.0,195.07,0.0,2.31,46.9,0.07,0.0,0.0
2025-02-20 20:00:00,"(39.906217, 116.391276)",era5,56.18,8.0,-5.26,-18.12,0.36,102823.31,0.0,0.0,0.0,194.99,0.0,2.07,44.66,0.23,0.0,0.0
2025-02-20 21:00:00,"(39.906217, 116.391276)",era5,56.18,8.0,-4.76,-17.91,0.35,102833.47,0.0,0.0,0.0,196.63,0.0,1.99,42.38,0.6,0.0,0.0
2025-02-20 22:00:00,"(39.906217, 116.391276)",era5,56.18,8.0,-4.49,-18.09,0.34,102827.18,0.0,0.0,0.0,200.38,0.0,1.81,28.08,0.74,0.0,0.0
2025-02-20 23:00:00,"(39.906217, 116.391276)",era5,56.18,8.0,-4.26,-18.2,0.33,102931.88,0.0,0.0,0.0,208.22,0.0,1.63,33.04,0.83,0.0,0.0
2025-02-21 00:00:00,"(39.906217, 116.391276)",era5,56.18,8.0,-3.75,-17.43,0.34,103014.77,179.78,27.08,42.16,222.24,15.08,1.74,37.81,0.89,0.0,0.0
2025-02-21 01:00:00,"(39.906217, 116.391276)",era5,56.18,8.0,-3.5,-18.49,0.3,103046.69,130.41,95.65,130.24,249.35,34.6,2.45,47.66,0.94,0.0,0.0
2025-02-21 02:00:00,"(39.906217, 116.391276)",era5,56.18,8.0,0.14,-19.01,0.22,103026.55,327.5,168.6,306.37,238.09,137.77,2.59,51.07,0.9,0.0,0.0
2025-02-21 03:00:00,"(39.906217, 116.391276)",era5,56.18,8.0,0.25,-17.43,0.25,103021.4,527.89,182.88,467.61,229.23,284.73,2.41,50.67,0.87,0.0,0.0
2025-02-21 04:00:00,"(39.906217, 116.391276)",era5,56.18,8.0,0.12,-16.51,0.27,102943.48,457.8,243.91,524.7,233.36,280.79,1.97,48.76,0.6,0.0,0.0
2025-02-21 05:00:00,"(39.906217, 116.391276)",era5,56.18,8.0,2.21,-16.25,0.24,102860.45,586.24,220.97,594.73,233.89,373.76,1.48,42.88,0.35,0.0,0.0
2025-02-21 06:00:00,"(39.906217, 116.391276)",era5,56.18,8.0,2.56,-15.38,0.25,102722.53,654.77,197.78,597.42,227.18,399.64,1.04,27.7,0.71,0.0,0.0
2025-02-21 07:00:00,"(39.906217, 116.391276)",era5,56.18,8.0,2.66,-14.99,0.26,102662.12,582.23,172.46,483.13,231.66,310.67,0.51,68.05,0.89,0.0,0.0
2025-02-21 08:00:00,"(39.906217, 116.391276)",era5,56.18,8.0,2.38,-14.6,0.27,102645.27,536.05,131.52,352.65,225.84,221.13,0.65,139.62,0.9,0.0,0.0
2025-02-21 09:00:00,"(39.906217, 116.391276)",era5,56.18,8.0,2.1,-14.06,0.29,102658.78,438.48,80.2,192.18,222.93,111.98,1.82,154.09,0.75,0.0,0.0
2025-02-21 10:00:00,"(39.906217, 116.391276)",era5,56.18,8.0,-1.64,-14.06,0.38,102721.54,281.46,22.22,42.74,208.23,20.53,2.31,182.1,0.02,0.0,0.0
2025-02-21 11:00:00,"(39.906217, 116.391276)",era5,56.18,8.0,-2.22,-14.21,0.39,102800.05,0.0,0.0,0.0,197.64,0.0,1.96,199.32,0.01,0.0,0.0
2025-02-21 12:00:00,"(39.906217, 116.391276)",era5,56.18,8.0,-1.71,-14.13,0.38,102886.39,0.0,0.0,0.0,195.79,0.0,1.34,229.34,0.01,0.0,0.0
2025-02-21 13:00:00,"(39.906217, 116.391276)",era5,56.18,8.0,-1.1,-13.84,0.37,103008.68,0.0,0.0,0.0,194.49,0.0,1.58,306.87,0.0,0.0,0.0
2025-02-21 14:00:00,"(39.906217, 116.391276)",era5,56.18,8.0,-1.87,-14.23,0.38,103051.57,0.0,0.0,0.0,193.36,0.0,2.1,356.13,0.0,0.0,0.0
2025-02-21 15:00:00,"(39.906217, 116.391276)",era5,56.18,8.0,-5.34,-14.48,0.49,103111.07,0.0,0.0,0.0,192.54,0.0,2.43,15.97,0.0,0.0,0.0
2025-02-21 16:00:00,"(39.906217, 116.391276)",era5,56.18,8.0,-5.03,-15.14,0.45,103163.54,0.0,0.0,0.0,192.11,0.0,2.8,23.95,0.0,0.0,0.0
2025-02-21 17:00:00,"(39.906217, 116.391276)",era5,56.18,8.0,-5.44,-15.59,0.45,103222.47,0.0,0.0,0.0,191.55,0.0,2.69,29.59,0.0,0.0,0.0
2025-02-21 18:00:00,"(39.906217, 116.391276)",era5,56.18,8.0,-5.39,-16.09,0.43,103240.93,0.0,0.0,0.0,190.41,0.0,2.53,29.33,0.0,0.0,0.0
2025-02-21 19:00:00,"(39.906217, 116.391276)",era5,56.18,8.0,-5.4,-16.55,0.41,103225.64,0.0,0.0,0.0,186.63,0.0,2.49,26.61,0.0,0.0,0.0
2025-02-21 20:00:00,"(39.906217, 116.391276)",era5,56.18,8.0,-6.5,-17.15,0.43,103185.53,0.0,0.0,0.0,185.92,0.0,2.46,21.52,0.0,0.0,0.0
2025-02-21 21:00:00,"(39.906217, 116.391276)",era5,56.18,8.0,-6.88,-17.07,0.44,103171.64,0.0,0.0,0.0,184.96,0.0,2.33,15.1,0.0,0.0,0.0
2025-02-21 22:00:00,"(39.906217, 116.391276)",era5,56.18,8.0,-5.95,-18.64,0.36,103180.45,0.0,0.0,0.0,183.77,0.0,2.4,6.62,0.0,0.0,0.0
2025-02-21 23:00:00,"(39.906217, 116.391276)",era5,56.18,8.0,-6.21,-18.13,0.38,103230.16,0.0,0.0,0.0,182.53,0.0,2.1,7.74,0.0,0.0,0.0
2025-02-22 00:00:00,"(39.906217, 116.391276)",era5,56.18,8.0,-5.06,-18.56,0.34,103290.19,350.35,26.94,57.95,182.6,31.01,1.85,10.53,0.0,0.0,0.0
2025-02-22 01:00:00,"(39.906217, 116.391276)",era5,56.18,8.0,-4.39,-17.92,0.34,103307.42,604.46,71.14,234.41,185.15,163.26,1.74,11.55,0.0,0.0,0.0
2025-02-22 02:00:00,"(39.906217, 116.391276)",era5,56.18,8.0,1.16,-19.86,0.19,103295.04,758.8,94.36,417.29,188.3,322.93,2.26,351.22,0.0,0.0,0.0
2025-02-22 03:00:00,"(39.906217, 116.391276)",era5,56.18,8.0,1.18,-18.81,0.21,103241.68,839.12,108.31,565.07,190.72,456.76,2.3,348.55,0.0,0.0,0.0
2025-02-22 04:00:00,"(39.906217, 116.391276)",era5,56.18,8.0,1.22,-18.2,0.22,103151.39,878.55,115.99,659.2,192.87,543.21,2.1,341.3,0.0,0.0,0.0
2025-02-22 05:00:00,"(39.906217, 116.391276)",era5,56.18,8.0,3.23,-19.34,0.17,103028.18,896.64,116.35,692.38,194.35,576.03,2.07,325.12,0.0,0.0,0.0
2025-02-22 06:00:00,"(39.906217, 116.391276)",era5,56.18,8.0,3.68,-19.42,0.17,102915.19,864.57,120.1,651.89,199.59,531.79,2.27,312.18,0.08,0.0,0.0
2025-02-22 07:00:00,"(39.906217, 116.391276)",era5,56.18,8.0,4.11,-19.52,0.16,102822.73,799.62,118.73,549.04,201.75,430.31,3.13,308.48,0.71,0.0,0.0
2025-02-22 08:00:00,"(39.906217, 116.391276)",era5,56.18,8.0,3.91,-19.3,0.17,102763.27,517.99,128.2,344.12,217.0,215.92,3.42,310.24,0.8,0.0,0.0
2025-02-22 09:00:00,"(39.906217, 116.391276)",era5,56.18,8.0,3.17,-16.38,0.22,102745.75,367.55,95.24,190.61,227.34,95.37,1.59,301.43,0.67,0.0,0.0
2025-02-22 10:00:00,"(39.906217, 116.391276)",era5,56.18,8.0,-1.59,-18.8,0.26,102804.34,223.91,28.02,45.21,216.48,17.19,1.94,232.92,0.44,0.0,0.0
2025-02-22 11:00:00,"(39.906217, 116.391276)",era5,56.18,8.0,-2.23,-17.65,0.3,102910.61,0.0,0.0,0.0,200.85,0.0,2.47,236.63,0.29,0.0,0.0
2025-02-22 12:00:00,"(39.906217, 116.391276)",era5,56.18,8.0,-2.28,-18.06,0.29,102995.16,0.0,0.0,0.0,195.33,0.0,2.31,253.26,0.39,0.0,0.0
2025-02-22 13:00:00,"(39.906217, 116.391276)",era5,56.18,8.0,-1.06,-19.54,0.23,103091.08,0.0,0.0,0.0,195.8,0.0,2.69,298.26,0.43,0.0,0.0
2025-02-22 14:00:00,"(39.906217, 116.391276)",era5,56.18,8.0,-0.56,-20.32,0.21,103181.99,0.0,0.0,0.0,197.06,0.0,4.33,328.88,0.13,0.0,0.0
2025-02-22 15:00:00,"(39.906217, 116.391276)",era5,56.18,8.0,-2.09,-19.69,0.25,103287.54,0.0,0.0,0.0,193.08,0.0,5.08,340.95,0.01,0.0,0.0
2025-02-22 16:00:00,"(39.906217, 116.391276)",era5,56.18,8.0,-2.94,-20.14,0.25,103373.9,0.0,0.0,0.0,185.53,0.0,4.39,342.16,0.0,0.0,0.0
2025-02-22 17:00:00,"(39.906217, 116.391276)",era5,56.18,8.0,-3.79,-21.24,0.24,103449.54,0.0,0.0,0.0,182.83,0.0,3.88,341.57,0.0,0.0,0.0
2025-02-22 18:00:00,"(39.906217, 116.391276)",era5,56.18,8.0,-4.27,-21.3,0.25,103436.41,0.0,0.0,0.0,181.49,0.0,3.59,339.58,0.0,0.0,0.0
2025-02-22 19:00:00,"(39.906217, 116.391276)",era5,56.18,8.0,-4.35,-20.96,0.26,103442.82,0.0,0.0,0.0,180.56,0.0,3.41,338.8,0.0,0.0,0.0
2025-02-22 20:00:00,"(39.906217, 116.391276)",era5,56.18,8.0,-5.21,-21.86,0.26,103431.66,0.0,0.0,0.0,180.04,0.0,3.16,338.58,0.0,0.0,0.0
2025-02-22 21:00:00,"(39.906217, 116.391276)",era5,56.18,8.0,-5.38,-21.55,0.27,103421.51,0.0,0.0,0.0,179.7,0.0,2.85,340.18,0.0,0.0,0.0
2025-02-22 22:00:00,"(39.906217, 116.391276)",era5,56.18,8.0,-4.82,-21.32,0.26,103373.21,0.0,0.0,0.0,178.92,0.0,2.75,341.67,0.0,0.0,0.0
2025-02-22 23:00:00,"(39.906217, 116.391276)",era5,56.18,8.0,-4.89,-21.33,0.26,103431.1,0.0,0.0,0.0,177.76,0.0,2.62,339.5,0.0,0.0,0.0
2025-02-23 00:00:00,"(39.906217, 116.391276)",era5,56.18,8.0,-4.31,-20.23,0.28,103489.97,357.7,28.39,61.72,177.53,33.33,3.15,336.08,0.0,0.0,0.0
2025-02-23 01:00:00,"(39.906217, 116.391276)",era5,56.18,8.0,-4.29,-19.82,0.29,103511.88,611.19,72.68,240.72,178.88,168.04,4.72,332.74,0.0,0.0,0.0
2025-02-23 02:00:00,"(39.906217, 116.391276)",era5,56.18,8.0,-0.05,-20.98,0.19,103509.54,764.15,95.63,424.62,181.51,328.99,4.81,329.5,0.0,0.0,0.0
2025-02-23 03:00:00,"(39.906217, 116.391276)",era5,56.18,8.0,0.09,-20.52,0.2,103450.63,842.14,109.4,572.02,185.5,462.62,4.52,327.19,0.0,0.0,0.0
2025-02-23 04:00:00,"(39.906217, 116.391276)",era5,56.18,8.0,0.41,-20.06,0.2,103380.44,879.35,117.05,665.12,190.14,548.07,4.2,324.75,0.0,0.0,0.0
2025-02-23 05:00:00,"(39.906217, 116.391276)",era5,56.18,8.0,3.7,-20.25,0.15,103237.78,889.97,119.29,695.38,194.4,576.09,3.86,322.42,0.0,0.0,0.0
2025-02-23 06:00:00,"(39.906217, 116.391276)",era5,56.18,8.0,4.15,-19.83,0.16,103093.85,877.03,116.51,660.12,197.99,543.61,3.6,319.29,0.0,0.0,0.0
2025-02-23 07:00:00,"(39.906217, 116.391276)",era5,56.18,8.0,4.36,-19.91,0.15,103005.28,837.23,108.46,562.81,198.93,454.35,3.36,314.91,0.0,0.0,0.0
2025-02-23 08:00:00,"(39.906217, 116.391276)",era5,56.18,8.0,5.5,-20.17,0.14,102964.57,753.98,94.24,411.79,200.88,317.55,3.08,308.52,0.0,0.0,0.0
2025-02-23 09:00:00,"(39.906217, 116.391276)",era5,56.18,8.0,4.38,-12.44,0.28,102931.61,593.57,70.58,227.01,201.67,156.43,1.9,277.11,0.0,0.0,0.0
2025-02-23 10:00:00,"(39.906217, 116.391276)",era5,56.18,8.0,-1.06,-17.04,0.29,102974.3,341.7,25.24,52.77,199.0,27.54,2.65,232.08,0.0,0.0,0.0
2025-02-23 11:00:00,"(39.906217, 116.391276)",era5,56.18,8.0,-1.11,-17.52,0.28,102959.35,0.0,0.0,0.0,198.47,0.0,2.41,240.8,0.0,0.0,0.0
2025-02-23 12:00:00,"(39.906217, 116.391276)",era5,56.18,8.0,-1.54,-17.49,0.29,103016.88,0.0,0.0,0.0,196.75,0.0,2.23,253.15,0.0,0.0,0.0
2025-02-23 13:00:00,"(39.906217, 116.391276)",era5,56.18,8.0,-1.75,-17.43,0.29,103005.88,0.0,0.0,0.0,194.9,0.0,2.02,261.49,0.0,0.0,0.0
2025-02-23 14:00:00,"(39.906217, 116.391276)",era5,56.18,8.0,-3.06,-17.34,0.32,103006.32,0.0,0.0,0.0,193.33,0.0,1.95,259.4,0.0,0.0,0.0
2025-02-23 15:00:00,"(39.906217, 116.391276)",era5,56.18,8.0,-4.4,-16.78,0.37,103020.78,0.0,0.0,0.0,192.02,0.0,1.89,259.78,0.0,0.0,0.0
2025-02-23 16:00:00,"(39.906217, 116.391276)",era5,56.18,8.0,-4.34,-16.89,0.37,103001.6,0.0,0.0,0.0,191.38,0.0,1.81,261.97,0.0,0.0,0.0
2025-02-23 17:00:00,"(39.906217, 116.391276)",era5,56.18,8.0,-5.04,-16.98,0.39,102971.23,0.0,0.0,0.0,191.03,0.0,1.69,266.79,0.0,0.0,0.0
2025-02-23 18:00:00,"(39.906217, 116.391276)",era5,56.18,8.0,-5.45,-17.02,0.4,102935.73,0.0,0.0,0.0,190.76,0.0,1.6,270.42,0.0,0.0,0.0
2025-02-23 19:00:00,"(39.906217, 116.391276)",era5,56.18,8.0,-5.53,-16.73,0.41,102899.75,0.0,0.0,0.0,190.8,0.0,1.64,277.96,0.0,0.0,0.0
2025-02-23 20:00:00,"(39.906217, 116.391276)",era5,56.18,8.0,-6.77,-16.95,0.44,102841.92,0.0,0.0,0.0,190.44,0.0,1.59,291.14,0.0,0.0,0.0
2025-02-23 21:00:00,"(39.906217, 116.391276)",era5,56.18,8.0,-6.61,-17.33,0.42,102822.65,0.0,0.0,0.0,189.81,0.0,1.52,305.37,0.0,0.0,0.0
2025-02-23 22:00:00,"(39.906217, 116.391276)",era5,56.18,8.0,-5.76,-16.98,0.41,102762.24,0.0,0.0,0.0,189.0,0.0,1.59,313.7,0.0,0.0,0.0
2025-02-23 23:00:00,"(39.906217, 116.391276)",era5,56.18,8.0,-5.96,-16.64,0.43,102775.49,0.0,0.06,0.01,187.82,0.0,1.43,306.95,0.0,0.0,0.0
2025-02-24 00:00:00,"(39.906217, 116.391276)",era5,56.18,8.0,-5.21,-16.26,0.42,102846.05,367.75,29.96,65.97,188.19,36.01,1.26,298.97,0.0,0.0,0.0
2025-02-24 01:00:00,"(39.906217, 116.391276)",era5,56.18,8.0,-2.14,-15.16,0.36,102811.33,619.13,73.68,246.94,190.28,173.25,0.57,301.61,0.0,0.0,0.0
2025-02-24 02:00:00,"(39.906217, 116.391276)",era5,56.18,8.0,4.18,-15.86,0.22,102767.37,772.28,96.29,432.63,194.15,336.34,0.37,239.85,0.0,0.0,0.0
2025-02-24 03:00:00,"(39.906217, 116.391276)",era5,56.18,8.0,4.42,-15.93,0.21,102661.97,851.32,109.93,581.86,198.79,471.93,1.3,204.4,0.0,0.0,0.0
2025-02-24 04:00:00,"(39.906217, 116.391276)",era5,56.18,8.0,4.84,-15.85,0.21,102540.63,888.72,117.45,675.8,203.59,558.35,1.86,199.67,0.0,0.0,0.0
2025-02-24 05:00:00,"(39.906217, 116.391276)",era5,56.18,8.0,8.71,-16.16,0.15,102368.53,898.56,119.8,705.84,208.23,586.05,2.28,194.04,0.0,0.0,0.0
2025-02-24 06:00:00,"(39.906217, 116.391276)",era5,56.18,8.0,8.76,-15.93,0.16,102187.43,884.38,116.91,669.26,211.57,552.35,3.29,193.43,0.06,0.0,0.0
2025-02-24 07:00:00,"(39.906217, 116.391276)",era5,56.18,8.0,8.72,-15.93,0.16,102088.48,843.7,107.56,569.26,214.67,461.69,4.2,195.91,0.55,0.0,0.0
2025-02-24 08:00:00,"(39.906217, 116.391276)",era5,56.18,8.0,8.58,-15.48,0.17,102009.81,740.44,98.0,413.04,218.96,315.03,4.2,195.64,0.78,0.0,0.0
2025-02-24 09:00:00,"(39.906217, 116.391276)",era5,56.18,8.0,8.48,-14.7,0.18,101897.11,489.64,86.45,217.48,223.37,131.03,2.97,189.75,1.0,0.0,0.0
2025-02-24 10:00:00,"(39.906217, 116.391276)",era5,56.18,8.0,3.85,-13.69,0.27,101951.5,191.91,33.08,49.28,226.82,16.2,2.97,197.27,1.0,0.0,0.0
2025-02-24 11:00:00,"(39.906217, 116.391276)",era5,56.18,8.0,3.4,-13.96,0.27,101937.69,0.0,0.0,0.0,225.33,0.0,3.08,206.68,1.0,0.0,0.0
2025-02-24 12:00:00,"(39.906217, 116.391276)",era5,56.18,8.0,2.86,-14.06,0.28,101921.51,0.0,0.0,0.0,226.51,0.0,3.09,205.95,1.0,0.0,0.0
2025-02-24 13:00:00,"(39.906217, 116.391276)",era5,56.18,8.0,3.52,-14.4,0.26,101877.17,0.0,0.0,0.0,231.82,0.0,2.78,209.84,0.99,0.0,0.0
2025-02-24 14:00:00,"(39.906217, 116.391276)",era5,56.18,8.0,2.98,-14.44,0.27,101851.77,0.0,0.0,0.0,233.43,0.0,2.31,217.22,0.94,0.0,0.0
2025-02-24 15:00:00,"(39.906217, 116.391276)",era5,56.18,8.0,-0.27,-13.16,0.37,101803.5,0.0,0.0,0.0,231.89,0.0,1.99,219.01,0.96,0.0,0.0
2025-02-24 16:00:00,"(39.906217, 116.391276)",era5,56.18,8.0,-0.42,-13.23,0.37,101799.42,0.0,0.0,0.0,230.24,0.0,1.52,226.84,0.88,0.0,0.0
2025-02-24 17:00:00,"(39.906217, 116.391276)",era5,56.18,8.0,-1.47,-13.16,0.41,101750.76,0.0,0.0,0.0,225.42,0.0,1.37,239.04,0.83,0.0,0.0
2025-02-24 18:00:00,"(39.906217, 116.391276)",era5,56.18,8.0,-1.82,-12.98,0.42,101705.06,0.0,0.0,0.0,224.43,0.0,1.31,249.75,0.7,0.0,0.0
2025-02-24 19:00:00,"(39.906217, 116.391276)",era5,56.18,8.0,-2.04,-13.14,0.42,101655.86,0.0,0.0,0.0,221.6,0.0,1.08,267.49,0.29,0.0,0.0
2025-02-24 20:00:00,"(39.906217, 116.391276)",era5,56.18,8.0,-3.24,-13.18,0.46,101584.38,0.0,0.0,0.0,211.22,0.0,1.09,275.69,0.01,0.0,0.0
2025-02-24 21:00:00,"(39.906217, 116.391276)",era5,56.18,8.0,-3.4,-13.38,0.46,101576.89,0.0,0.0,0.0,206.66,0.0,1.39,287.43,0.0,0.0,0.0
2025-02-24 22:00:00,"(39.906217, 116.391276)",era5,56.18,8.0,-3.06,-12.21,0.49,101624.11,0.0,0.0,0.0,204.67,0.0,0.99,285.03,0.0,0.0,0.0
2025-02-24 23:00:00,"(39.906217, 116.391276)",era5,56.18,8.0,-3.06,-12.23,0.49,101614.9,0.0,0.1,0.06,205.52,0.0,1.66,278.92,0.0,0.0,0.0
2025-02-25 00:00:00,"(39.906217, 116.391276)",era5,56.18,8.0,-0.87,-11.88,0.43,101751.52,357.22,30.72,67.41,207.73,36.69,2.34,298.0,0.0,0.0,0.0
2025-02-25 01:00:00,"(39.906217, 116.391276)",era5,56.18,8.0,3.22,-12.02,0.32,101826.76,608.82,73.62,247.0,209.49,173.37,2.61,312.97,0.0,0.0,0.0
2025-02-25 02:00:00,"(39.906217, 116.391276)",era5,56.18,8.0,8.89,-18.83,0.12,101857.17,763.55,96.03,432.4,211.88,336.37,4.55,320.84,0.0,0.0,0.0
2025-02-25 03:00:00,"(39.906217, 116.391276)",era5,56.18,8.0,8.52,-16.1,0.16,101901.76,843.73,109.65,581.63,212.46,471.98,4.81,326.57,0.0,0.0,0.0
2025-02-25 04:00:00,"(39.906217, 116.391276)",era5,56.18,8.0,8.39,-14.35,0.18,101873.86,882.4,117.4,676.19,213.39,558.79,4.93,328.02,0.0,0.0,0.0
2025-02-25 05:00:00,"(39.906217, 116.391276)",era5,56.18,8.0,10.3,-16.72,0.13,101827.55,892.41,119.88,706.28,215.27,586.4,4.75,327.89,0.0,0.0,0.0
2025-02-25 06:00:00,"(39.906217, 116.391276)",era5,56.18,8.0,10.45,-16.31,0.14,101740.34,877.85,117.18,669.6,217.87,552.43,4.42,327.42,0.0,0.0,0.0
2025-02-25 07:00:00,"(39.906217, 116.391276)",era5,56.18,8.0,10.7,-16.58,0.13,101746.48,836.36,109.18,570.64,221.69,461.46,4.01,326.65,0.0,0.0,0.0
2025-02-25 08:00:00,"(39.906217, 116.391276)",era5,56.18,8.0,10.58,-18.06,0.12,101725.14,755.1,95.1,419.61,221.64,324.51,3.53,327.11,0.0,0.0,0.0
2025-02-25 09:00:00,"(39.906217, 116.391276)",era5,56.18,8.0,9.82,-12.67,0.19,101769.12,599.14,71.97,234.73,219.73,162.76,1.9,330.36,0.0,0.0,0.0
2025-02-25 10:00:00,"(39.906217, 116.391276)",era5,56.18,8.0,4.15,-14.37,0.25,101783.04,348.8,27.17,57.94,214.4,30.77,2.51,330.48,0.0,0.0,0.0
2025-02-25 11:00:00,"(39.906217, 116.391276)",era5,56.18,8.0,3.19,-14.65,0.26,101851.84,0.0,0.0,0.0,210.96,0.0,2.87,334.4,0.0,0.0,0.0
2025-02-25 12:00:00,"(39.906217, 116.391276)",era5,56.18,8.0,2.13,-14.84,0.27,101892.76,0.0,0.0,0.0,208.41,0.0,2.77,339.85,0.0,0.0,0.0
2025-02-25 13:00:00,"(39.906217, 116.391276)",era5,56.18,8.0,0.99,-14.83,0.3,101928.26,0.0,0.0,0.0,206.36,0.0,2.41,344.17,0.0,0.0,0.0
2025-02-25 14:00:00,"(39.906217, 116.391276)",era5,56.18,8.0,-0.33,-14.88,0.32,101944.03,0.0,0.0,0.0,205.09,0.0,2.1,346.19,0.0,0.0,0.0
2025-02-25 15:00:00,"(39.906217, 116.391276)",era5,56.18,8.0,-2.53,-14.34,0.4,101955.42,0.0,0.0,0.0,204.16,0.0,2.15,354.6,0.0,0.0,0.0
2025-02-25 16:00:00,"(39.906217, 116.391276)",era5,56.18,8.0,-2.59,-14.1,0.41,101958.35,0.0,0.0,0.0,203.32,0.0,2.05,6.11,0.0,0.0,0.0
2025-02-25 17:00:00,"(39.906217, 116.391276)",era5,56.18,8.0,-3.75,-14.34,0.44,101929.51,0.0,0.0,0.0,202.79,0.0,1.82,8.74,0.0,0.0,0.0
2025-02-25 18:00:00,"(39.906217, 116.391276)",era5,56.18,8.0,-3.77,-14.23,0.44,101917.22,0.0,0.0,0.0,202.57,0.0,1.04,350.47,0.0,0.0,0.0
2025-02-25 19:00:00,"(39.906217, 116.391276)",era5,56.18,8.0,-4.0,-14.38,0.44,101901.64,0.0,0.0,0.0,202.97,0.0,0.65,317.98,0.0,0.0,0.0
2025-02-25 20:00:00,"(39.906217, 116.391276)",era5,56.18,8.0,-5.98,-14.02,0.53,101815.43,0.0,0.0,0.0,202.95,0.0,0.64,314.55,0.0,0.0,0.0
2025-02-25 21:00:00,"(39.906217, 116.391276)",era5,56.18,8.0,-5.85,-13.99,0.53,101829.78,0.0,0.0,0.0,202.96,0.0,0.68,350.33,0.0,0.0,0.0
2025-02-25 22:00:00,"(39.906217, 116.391276)",era5,56.18,8.0,-4.7,-13.42,0.51,101832.2,0.0,0.0,0.0,202.91,0.0,1.04,359.85,0.0,0.0,0.0
2025-02-25 23:00:00,"(39.906217, 116.391276)",era5,56.18,8.0,-4.36,-13.6,0.48,101848.12,0.0,0.16,0.11,202.69,0.0,1.34,23.84,0.0,0.0,0.0
2025-02-26 00:00:00,"(39.906217, 116.391276)",era5,56.18,8.0,-3.36,-13.14,0.47,101898.15,360.57,32.42,71.2,204.25,38.78,1.34,33.72,0.0,0.0,0.0
2025-02-26 01:00:00,"(39.906217, 116.391276)",era5,56.18,8.0,-0.52,-11.68,0.43,101885.18,611.1,74.67,251.74,207.69,177.07,0.9,54.6,0.0,0.0,0.0
2025-02-26 02:00:00,"(39.906217, 116.391276)",era5,56.18,8.0,5.11,-12.27,0.27,101837.95,758.47,96.83,434.8,212.44,337.96,0.87,87.67,0.0,0.0,0.0
2025-02-26 03:00:00,"(39.906217, 116.391276)",era5,56.18,8.0,5.41,-12.47,0.26,101733.83,834.94,110.38,581.66,217.53,471.29,1.06,127.78,0.0,0.0,0.0
2025-02-26 04:00:00,"(39.906217, 116.391276)",era5,56.18,8.0,5.64,-12.98,0.25,101633.05,872.01,117.85,674.43,222.36,556.58,1.38,155.78,0.0,0.0,0.0
2025-02-26 05:00:00,"(39.906217, 116.391276)",era5,56.18,8.0,10.54,-12.29,0.19,101453.87,881.87,120.16,703.95,226.66,583.79,1.46,169.51,0.0,0.0,0.0
2025-02-26 06:00:00,"(39.906217, 116.391276)",era5,56.18,8.0,10.68,-11.87,0.19,101299.86,868.09,117.31,667.7,230.41,550.39,1.57,164.45,0.0,0.0,0.0
2025-02-26 07:00:00,"(39.906217, 116.391276)",era5,56.18,8.0,11.08,-11.43,0.19,101175.0,828.83,109.28,570.34,231.4,461.06,2.01,160.63,0.0,0.0,0.0
2025-02-26 08:00:00,"(39.906217, 116.391276)",era5,56.18,8.0,11.22,-10.68,0.2,101104.94,746.43,95.11,419.1,233.1,323.99,2.36,161.36,0.0,0.0,0.0
2025-02-26 09:00:00,"(39.906217, 116.391276)",era5,56.18,8.0,11.27,-6.18,0.29,101088.94,589.97,72.02,234.67,233.2,162.65,1.52,163.37,0.0,0.0,0.0
2025-02-26 10:00:00,"(39.906217, 116.391276)",era5,56.18,8.0,5.32,-9.39,0.34,101110.42,341.82,27.82,59.28,229.8,31.45,2.33,183.71,0.0,0.0,0.0
2025-02-26 11:00:00,"(39.906217, 116.391276)",era5,56.18,8.0,4.41,-10.02,0.34,101129.37,0.0,0.0,0.0,228.02,0.0,1.77,192.8,0.0,0.0,0.0
2025-02-26 12:00:00,"(39.906217, 116.391276)",era5,56.18,8.0,4.64,-10.11,0.33,101132.72,0.0,0.0,0.0,227.45,0.0,0.64,223.89,0.0,0.0,0.0
2025-02-26 13:00:00,"(39.906217, 116.391276)",era5,56.18,8.0,4.53,-9.88,0.34,101113.03,0.0,0.0,0.0,227.39,0.0,0.3,318.59,0.0,0.0,0.0
2025-02-26 14:00:00,"(39.906217, 116.391276)",era5,56.18,8.0,2.33,-9.29,0.42,101088.05,0.0,0.0,0.0,227.61,0.0,0.77,12.99,0.0,0.0,0.0
2025-02-26 15:00:00,"(39.906217, 116.391276)",era5,56.18,8.0,-1.65,-9.38,0.56,101068.76,0.0,0.0,0.0,227.91,0.0,1.31,15.14,0.0,0.0,0.0
2025-02-26 16:00:00,"(39.906217, 116.391276)",era5,56.18,8.0,-2.13,-9.26,0.58,101074.85,0.0,0.0,0.0,228.17,0.0,1.38,27.66,0.01,0.0,0.0
2025-02-26 17:00:00,"(39.906217, 116.391276)",era5,56.18,8.0,-2.81,-9.23,0.61,101055.59,0.0,0.0,0.0,228.03,0.0,1.2,34.56,0.08,0.0,0.0
2025-02-26 18:00:00,"(39.906217, 116.391276)",era5,56.18,8.0,-2.72,-9.27,0.61,100990.8,0.0,0.0,0.0,227.59,0.0,1.11,12.62,0.17,0.0,0.0
2025-02-26 19:00:00,"(39.906217, 116.391276)",era5,56.18,8.0,-2.74,-9.29,0.61,100933.96,0.0,0.0,0.0,232.92,0.0,1.19,0.26,0.33,0.0,0.0
2025-02-26 20:00:00,"(39.906217, 116.391276)",era5,56.18,8.0,-3.69,-8.96,0.67,100854.85,0.0,0.0,0.0,233.64,0.0,1.31,359.75,0.45,0.0,0.0
2025-02-26 21:00:00,"(39.906217, 116.391276)",era5,56.18,8.0,-3.89,-9.16,0.67,100851.18,0.0,0.0,0.0,234.15,0.0,1.33,5.32,0.11,0.0,0.0
2025-02-26 22:00:00,"(39.906217, 116.391276)",era5,56.18,8.0,-2.96,-9.11,0.63,100854.28,0.0,0.0,0.0,230.57,0.0,1.58,9.67,0.15,0.0,0.0
2025-02-26 23:00:00,"(39.906217, 116.391276)",era5,56.18,8.0,-2.82,-9.15,0.62,100913.73,0.0,0.22,0.21,227.32,0.0,1.31,1.65,0.01,0.0,0.0
2025-02-27 00:00:00,"(39.906217, 116.391276)",era5,56.18,8.0,-2.01,-9.42,0.57,100911.47,340.78,33.11,71.43,227.94,38.32,1.23,340.85,0.0,0.0,0.0
2025-02-27 01:00:00,"(39.906217, 116.391276)",era5,56.18,8.0,2.6,-6.44,0.51,100951.93,584.66,74.54,246.88,231.27,172.34,0.71,359.61,0.0,0.0,0.0
2025-02-27 02:00:00,"(39.906217, 116.391276)",era5,56.18,8.0,7.33,-8.82,0.31,100927.73,730.68,96.75,426.05,236.61,329.3,0.7,41.67,0.0,0.0,0.0
2025-02-27 03:00:00,"(39.906217, 116.391276)",era5,56.18,8.0,7.62,-8.82,0.3,100861.84,808.61,110.3,570.84,241.52,460.54,0.92,85.21,0.0,0.0,0.0
2025-02-27 04:00:00,"(39.906217, 116.391276)",era5,56.18,8.0,7.81,-8.38,0.31,100800.02,848.79,117.75,663.76,245.51,546.01,1.14,116.29,0.0,0.0,0.0
2025-02-27 05:00:00,"(39.906217, 116.391276)",era5,56.18,8.0,12.27,-6.2,0.27,100662.5,862.53,120.03,695.24,248.54,575.21,1.31,147.6,0.0,0.0,0.0
2025-02-27 06:00:00,"(39.906217, 116.391276)",era5,56.18,8.0,12.64,-5.8,0.27,100591.93,851.49,117.27,661.16,251.14,543.89,1.74,162.95,0.0,0.0,0.0
2025-02-27 07:00:00,"(39.906217, 116.391276)",era5,56.18,8.0,12.95,-5.41,0.27,100473.28,808.84,109.39,562.97,255.15,453.58,2.16,172.88,0.0,0.0,0.0
2025-02-27 08:00:00,"(39.906217, 116.391276)",era5,56.18,8.0,13.33,-4.06,0.3,100453.98,728.55,95.33,414.66,255.67,319.34,2.26,180.73,0.0,0.0,0.0
2025-02-27 09:00:00,"(39.906217, 116.391276)",era5,56.18,8.0,13.2,-0.87,0.38,100435.99,574.68,72.41,233.16,255.17,160.75,1.71,183.83,0.0,0.0,0.0
2025-02-27 10:00:00,"(39.906217, 116.391276)",era5,56.18,8.0,8.39,-2.61,0.46,100528.54,333.43,28.65,60.6,250.97,31.95,2.28,197.88,0.0,0.0,0.0
2025-02-27 11:00:00,"(39.906217, 116.391276)",era5,56.18,8.0,7.54,-2.93,0.47,100544.8,0.0,0.0,0.0,248.12,0.0,2.27,221.83,0.0,0.0,0.0
2025-02-27 12:00:00,"(39.906217, 116.391276)",era5,56.18,8.0,6.92,-3.12,0.49,100629.92,0.0,0.0,0.0,246.67,0.0,1.81,234.93,0.0,0.0,0.0
2025-02-27 13:00:00,"(39.906217, 116.391276)",era5,56.18,8.0,4.96,-2.79,0.57,100656.22,0.0,0.0,0.0,244.91,0.0,1.5,243.21,0.0,0.0,0.0
2025-02-27 14:00:00,"(39.906217, 116.391276)",era5,56.18,8.0,4.23,-2.38,0.62,100681.2,0.0,0.0,0.0,243.85,0.0,1.74,262.79,0.0,0.0,0.0
2025-02-27 15:00:00,"(39.906217, 116.391276)",era5,56.18,8.0,0.55,-3.56,0.74,100708.25,0.0,0.0,0.0,242.33,0.0,1.4,268.81,0.0,0.0,0.0
2025-02-27 16:00:00,"(39.906217, 116.391276)",era5,56.18,8.0,-0.76,-3.54,0.81,100730.03,0.0,0.0,0.0,239.8,0.0,1.28,281.98,0.0,0.0,0.0
2025-02-27 17:00:00,"(39.906217, 116.391276)",era5,56.18,8.0,-1.5,-3.76,0.85,100746.56,0.0,0.0,0.0,236.25,0.0,1.25,311.13,0.0,0.0,0.0
2025-02-27 18:00:00,"(39.906217, 116.391276)",era5,56.18,8.0,-1.63,-3.89,0.85,100759.4,0.0,0.0,0.0,232.85,0.0,1.39,329.22,0.0,0.0,0.0
2025-02-27 19:00:00,"(39.906217, 116.391276)",era5,56.18,8.0,-2.03,-4.36,0.84,100756.97,0.0,0.0,0.0,231.72,0.0,1.64,339.94,0.0,0.0,0.0
2025-02-27 20:00:00,"(39.906217, 116.391276)",era5,56.18,8.0,-2.99,-5.31,0.84,100735.75,0.0,0.0,0.0,228.59,0.0,1.8,340.22,0.0,0.0,0.0
2025-02-27 21:00:00,"(39.906217, 116.391276)",era5,56.18,8.0,-2.84,-6.18,0.78,100772.35,0.0,0.0,0.0,225.2,0.0,1.88,333.88,0.0,0.0,0.0
2025-02-27 22:00:00,"(39.906217, 116.391276)",era5,56.18,8.0,-2.12,-5.89,0.75,100810.1,0.0,0.0,0.0,222.86,0.0,1.98,321.26,0.0,0.0,0.0
2025-02-27 23:00:00,"(39.906217, 116.391276)",era5,56.18,8.0,-1.96,-6.43,0.71,100874.56,0.0,0.36,0.41,221.79,0.06,1.92,312.23,0.0,0.0,0.0
2025-02-28 00:00:00,"(39.906217, 116.391276)",era5,56.18,8.0,-0.65,-5.88,0.68,100976.27,364.94,35.56,78.4,223.18,42.85,1.86,303.21,0.0,0.0,0.0
2025-02-28 01:00:00,"(39.906217, 116.391276)",era5,56.18,8.0,3.07,-3.36,0.63,100997.04,613.99,76.48,260.58,227.22,184.09,1.16,300.38,0.0,0.0,0.0
2025-02-28 02:00:00,"(39.906217, 116.391276)",era5,56.18,8.0,10.77,-3.59,0.36,100988.52,758.21,98.33,443.91,233.83,345.57,0.48,308.63,0.0,0.0,0.0
2025-02-28 03:00:00,"(39.906217, 116.391276)",era5,56.18,8.0,11.51,-3.73,0.34,100970.45,833.93,111.75,590.95,240.92,479.21,0.2,177.31,0.0,0.0,0.0
2025-02-28 04:00:00,"(39.906217, 116.391276)",era5,56.18,8.0,12.08,-3.89,0.33,100985.84,871.05,119.19,683.9,247.16,564.71,0.24,128.36,0.0,0.0,0.0
2025-02-28 05:00:00,"(39.906217, 116.391276)",era5,56.18,8.0,17.02,-4.51,0.23,100869.03,881.32,121.31,713.36,252.43,592.05,0.93,137.84,0.0,0.0,0.0
2025-02-28 06:00:00,"(39.906217, 116.391276)",era5,56.18,8.0,17.31,-4.89,0.22,100779.59,868.09,118.57,677.14,255.56,558.57,1.58,146.89,0.0,0.0,0.0
2025-02-28 07:00:00,"(39.906217, 116.391276)",era5,56.18,8.0,17.49,-5.29,0.21,100716.85,829.79,110.61,579.66,255.06,469.05,2.06,155.38,0.0,0.0,0.0
2025-02-28 08:00:00,"(39.906217, 116.391276)",era5,56.18,8.0,16.81,-5.05,0.22,100673.94,748.85,96.45,427.87,255.79,331.42,2.21,155.75,0.27,0.0,0.0
2025-02-28 09:00:00,"(39.906217, 116.391276)",era5,56.18,8.0,16.12,2.62,0.4,100628.66,584.08,75.24,240.96,256.04,165.72,2.05,139.96,0.9,0.0,0.0
2025-02-28 10:00:00,"(39.906217, 116.391276)",era5,56.18,8.0,11.9,-4.52,0.31,100648.23,253.09,35.39,60.6,257.24,25.21,2.68,133.71,0.95,0.0,0.0
2025-02-28 11:00:00,"(39.906217, 116.391276)",era5,56.18,8.0,11.72,-5.06,0.31,100638.86,0.0,0.06,0.02,262.68,0.0,1.94,143.56,0.98,0.0,0.0
2025-02-28 12:00:00,"(39.906217, 116.391276)",era5,56.18,8.0,9.95,-5.63,0.33,100706.0,0.0,0.0,0.0,256.77,0.0,0.55,152.28,0.98,0.0,0.0
2025-02-28 13:00:00,"(39.906217, 116.391276)",era5,56.18,8.0,8.48,-4.67,0.39,100703.7,0.0,0.0,0.0,266.51,0.0,0.64,127.02,1.0,0.0,0.0
2025-02-28 14:00:00,"(39.906217, 116.391276)",era5,56.18,8.0,6.76,-3.69,0.47,100688.01,0.0,0.0,0.0,283.89,0.0,0.98,107.82,1.0,0.0,0.0
2025-02-28 15:00:00,"(39.906217, 116.391276)",era5,56.18,8.0,5.17,-3.54,0.53,100701.36,0.0,0.0,0.0,287.47,0.0,0.94,60.79,1.0,0.0,0.0
2025-02-28 16:00:00,"(39.906217, 116.391276)",era5,56.18,8.0,4.92,-3.45,0.55,100713.03,0.0,0.0,0.0,281.65,0.0,1.36,35.5,1.0,0.0,0.0
2025-02-28 17:00:00,"(39.906217, 116.391276)",era5,56.18,8.0,3.98,-3.64,0.58,100705.75,0.0,0.0,0.0,277.22,0.0,1.56,34.54,1.0,0.0,0.0
2025-02-28 18:00:00,"(39.906217, 116.391276)",era5,56.18,8.0,3.66,-3.74,0.58,100653.27,0.0,0.0,0.0,278.77,0.0,1.69,22.58,1.0,0.0,0.0
2025-02-28 19:00:00,"(39.906217, 116.391276)",era5,56.18,8.0,3.75,-4.04,0.57,100645.01,0.0,0.0,0.0,282.65,0.0,1.77,4.42,0.99,0.0,0.0
2025-02-28 20:00:00,"(39.906217, 116.391276)",era5,56.18,8.0,2.73,-4.56,0.59,100565.37,0.0,0.0,0.0,276.69,0.0,1.44,5.82,0.51,0.0,0.0
2025-02-28 21:00:00,"(39.906217, 116.391276)",era5,56.18,8.0,2.36,-4.5,0.61,100557.57,0.0,0.0,0.0,268.41,0.0,1.45,358.61,0.0,0.0,0.0
2025-02-28 22:00:00,"(39.906217, 116.391276)",era5,56.18,8.0,1.34,-3.67,0.69,100558.54,0.0,0.0,0.0,256.13,0.0,1.56,357.09,0.01,0.0,0.0
2025-02-28 23:00:00,"(39.906217, 116.391276)",era5,56.18,8.0,1.26,-2.96,0.73,100652.45,0.0,0.53,0.58,253.95,0.06,1.29,0.17,0.0,0.0,0.0
